timestamp,flare_prob,goes_class,fl_location,flare_start
2011/02/15/HMI.m2011.02.15_00.00.00.jpg,0.7638362050056458,X2.2,"(15.115929105638052, -21)",2011-02-15 01:44:00
2011/02/15/HMI.m2011.02.15_01.00.00.jpg,0.7875521183013916,X2.2,"(15.115929105638052, -21)",2011-02-15 01:44:00
2011/03/09/HMI.m2011.03.09_00.00.00.jpg,0.9001739025115967,X1.5,"(9, 8)",2011-03-09 23:13:00
2011/03/09/HMI.m2011.03.09_01.00.00.jpg,0.8963170647621155,X1.5,"(9, 8)",2011-03-09 23:13:00
2011/03/09/HMI.m2011.03.09_02.00.00.jpg,0.9028958678245544,X1.5,"(9, 8)",2011-03-09 23:13:00
2011/03/09/HMI.m2011.03.09_03.00.00.jpg,0.9187487363815308,X1.5,"(9, 8)",2011-03-09 23:13:00
2011/03/09/HMI.m2011.03.09_04.00.00.jpg,0.9082382321357728,X1.5,"(9, 8)",2011-03-09 23:13:00
2011/03/09/HMI.m2011.03.09_05.00.00.jpg,0.908437967300415,X1.5,"(9, 8)",2011-03-09 23:13:00
2011/03/09/HMI.m2011.03.09_06.00.00.jpg,0.9028924107551576,X1.5,"(9, 8)",2011-03-09 23:13:00
2011/03/09/HMI.m2011.03.09_07.00.00.jpg,0.8803378939628601,X1.5,"(9, 8)",2011-03-09 23:13:00
2011/03/09/HMI.m2011.03.09_08.00.00.jpg,0.8882408738136292,X1.5,"(9, 8)",2011-03-09 23:13:00
2011/03/09/HMI.m2011.03.09_09.00.00.jpg,0.8644300103187561,X1.5,"(9, 8)",2011-03-09 23:13:00
2011/03/09/HMI.m2011.03.09_10.00.00.jpg,0.8624406456947327,X1.5,"(9, 8)",2011-03-09 23:13:00
2011/03/09/HMI.m2011.03.09_11.00.00.jpg,0.8648654818534851,X1.5,"(9, 8)",2011-03-09 23:13:00
2011/03/09/HMI.m2011.03.09_12.00.00.jpg,0.8296557068824768,X1.5,"(9, 8)",2011-03-09 23:13:00
2011/03/09/HMI.m2011.03.09_13.00.00.jpg,0.7835789322853088,X1.5,"(9, 8)",2011-03-09 23:13:00
2011/03/09/HMI.m2011.03.09_14.00.00.jpg,0.8457668423652649,X1.5,"(9, 8)",2011-03-09 23:13:00
2011/03/09/HMI.m2011.03.09_15.00.00.jpg,0.8524616360664368,X1.5,"(9, 8)",2011-03-09 23:13:00
2011/03/09/HMI.m2011.03.09_16.00.00.jpg,0.8449903726577759,X1.5,"(9, 8)",2011-03-09 23:13:00
2011/03/09/HMI.m2011.03.09_17.00.00.jpg,0.8422909379005432,X1.5,"(9, 8)",2011-03-09 23:13:00
2011/03/09/HMI.m2011.03.09_18.00.00.jpg,0.8386989235877991,X1.5,"(9, 8)",2011-03-09 23:13:00
2011/03/09/HMI.m2011.03.09_19.00.00.jpg,0.8461887836456299,X1.5,"(9, 8)",2011-03-09 23:13:00
2011/03/09/HMI.m2011.03.09_20.00.00.jpg,0.8338744044303894,X1.5,"(9, 8)",2011-03-09 23:13:00
2011/03/09/HMI.m2011.03.09_22.00.00.jpg,0.834394633769989,X1.5,"(9, 8)",2011-03-09 23:13:00
2011/03/09/HMI.m2011.03.09_23.00.00.jpg,0.8141508102416992,X1.5,"(9, 8)",2011-03-09 23:13:00
2014/01/06/HMI.m2014.01.06_19.00.00.jpg,0.9237411618232728,X1.2,"(-0.20414788244112136, -9)",2014-01-07 18:04:00
2014/01/06/HMI.m2014.01.06_20.00.00.jpg,0.9405845403671264,X1.2,"(-0.20414788244112136, -9)",2014-01-07 18:04:00
2014/01/06/HMI.m2014.01.06_21.00.00.jpg,0.9320396780967712,X1.2,"(-0.20414788244112136, -9)",2014-01-07 18:04:00
2014/01/06/HMI.m2014.01.06_22.00.00.jpg,0.943284273147583,X1.2,"(-0.20414788244112136, -9)",2014-01-07 18:04:00
2014/01/06/HMI.m2014.01.06_23.00.00.jpg,0.9242618680000304,X1.2,"(-0.20414788244112136, -9)",2014-01-07 18:04:00
2014/01/07/HMI.m2014.01.07_00.00.00.jpg,0.9256740212440492,X1.2,"(-0.20414788244112136, -9)",2014-01-07 18:04:00
2014/01/07/HMI.m2014.01.07_01.00.00.jpg,0.9375975131988524,X1.2,"(-0.20414788244112136, -9)",2014-01-07 18:04:00
2014/01/07/HMI.m2014.01.07_02.00.00.jpg,0.9414999485015868,X1.2,"(-0.20414788244112136, -9)",2014-01-07 18:04:00
2014/01/07/HMI.m2014.01.07_03.00.00.jpg,0.9200780391693116,X1.2,"(-0.20414788244112136, -9)",2014-01-07 18:04:00
2014/01/07/HMI.m2014.01.07_04.00.00.jpg,0.9482026100158693,X1.2,"(-0.20414788244112136, -9)",2014-01-07 18:04:00
2014/01/07/HMI.m2014.01.07_05.00.00.jpg,0.9531270265579224,X1.2,"(-0.20414788244112136, -9)",2014-01-07 18:04:00
2014/01/07/HMI.m2014.01.07_06.00.00.jpg,0.9655369520187378,X1.2,"(-0.20414788244112136, -9)",2014-01-07 18:04:00
2014/01/07/HMI.m2014.01.07_07.00.00.jpg,0.9464995861053468,X1.2,"(-0.20414788244112136, -9)",2014-01-07 18:04:00
2014/01/07/HMI.m2014.01.07_08.00.00.jpg,0.9403371810913086,X1.2,"(-0.20414788244112136, -9)",2014-01-07 18:04:00
2014/01/07/HMI.m2014.01.07_09.00.00.jpg,0.9503105878829956,X1.2,"(-0.20414788244112136, -9)",2014-01-07 18:04:00
2014/01/07/HMI.m2014.01.07_10.00.00.jpg,0.9521226286888124,X1.2,"(-0.20414788244112136, -9)",2014-01-07 18:04:00
2014/01/07/HMI.m2014.01.07_11.00.00.jpg,0.953800618648529,X1.2,"(-0.20414788244112136, -9)",2014-01-07 18:04:00
2014/01/07/HMI.m2014.01.07_12.00.00.jpg,0.949224889278412,X1.2,"(-0.20414788244112136, -9)",2014-01-07 18:04:00
2014/01/07/HMI.m2014.01.07_13.00.00.jpg,0.957578420639038,X1.2,"(-0.20414788244112136, -9)",2014-01-07 18:04:00
2014/01/07/HMI.m2014.01.07_14.00.00.jpg,0.9483014345169068,X1.2,"(-0.20414788244112136, -9)",2014-01-07 18:04:00
2014/01/07/HMI.m2014.01.07_15.00.00.jpg,0.9466223120689392,X1.2,"(-0.20414788244112136, -9)",2014-01-07 18:04:00
2014/01/07/HMI.m2014.01.07_16.00.00.jpg,0.9324027895927428,X1.2,"(-0.20414788244112136, -9)",2014-01-07 18:04:00
2014/01/07/HMI.m2014.01.07_17.00.00.jpg,0.9381625056266784,X1.2,"(-0.20414788244112136, -9)",2014-01-07 18:04:00
2014/01/07/HMI.m2014.01.07_18.00.00.jpg,0.9631409645080566,X1.2,"(-0.20414788244112136, -9)",2014-01-07 18:04:00
2014/02/24/HMI.m2014.02.24_01.00.00.jpg,0.658297061920166,X4.9,"(-82, -12)",2014-02-25 00:39:00
2014/02/24/HMI.m2014.02.24_02.00.00.jpg,0.6037397980690002,X4.9,"(-82, -12)",2014-02-25 00:39:00
2014/02/24/HMI.m2014.02.24_03.00.00.jpg,0.5678558945655823,X4.9,"(-82, -12)",2014-02-25 00:39:00
2014/02/24/HMI.m2014.02.24_04.00.00.jpg,0.6132490634918213,X4.9,"(-82, -12)",2014-02-25 00:39:00
2014/02/24/HMI.m2014.02.24_05.00.00.jpg,0.6078975200653076,X4.9,"(-82, -12)",2014-02-25 00:39:00
2014/02/24/HMI.m2014.02.24_06.00.00.jpg,0.5737314820289612,X4.9,"(-82, -12)",2014-02-25 00:39:00
2014/02/24/HMI.m2014.02.24_07.00.00.jpg,0.6123980283737183,X4.9,"(-82, -12)",2014-02-25 00:39:00
2014/02/24/HMI.m2014.02.24_08.00.00.jpg,0.531693160533905,X4.9,"(-82, -12)",2014-02-25 00:39:00
2014/02/24/HMI.m2014.02.24_09.00.00.jpg,0.6082168221473694,X4.9,"(-82, -12)",2014-02-25 00:39:00
2014/02/24/HMI.m2014.02.24_10.00.00.jpg,0.588477373123169,X4.9,"(-82, -12)",2014-02-25 00:39:00
2014/02/24/HMI.m2014.02.24_11.00.00.jpg,0.6909950375556946,X4.9,"(-82, -12)",2014-02-25 00:39:00
2014/02/24/HMI.m2014.02.24_12.00.00.jpg,0.6329169869422913,X4.9,"(-82, -12)",2014-02-25 00:39:00
2014/02/24/HMI.m2014.02.24_13.00.00.jpg,0.6355505585670471,X4.9,"(-82, -12)",2014-02-25 00:39:00
2014/02/24/HMI.m2014.02.24_14.00.00.jpg,0.6292629837989807,X4.9,"(-82, -12)",2014-02-25 00:39:00
2014/02/24/HMI.m2014.02.24_15.00.00.jpg,0.7176629900932312,X4.9,"(-82, -12)",2014-02-25 00:39:00
2014/02/24/HMI.m2014.02.24_16.00.00.jpg,0.6402475833892822,X4.9,"(-82, -12)",2014-02-25 00:39:00
2014/02/24/HMI.m2014.02.24_17.00.00.jpg,0.7275811433792114,X4.9,"(-82, -12)",2014-02-25 00:39:00
2014/02/24/HMI.m2014.02.24_18.00.00.jpg,0.7241008281707764,X4.9,"(-82, -12)",2014-02-25 00:39:00
2014/02/24/HMI.m2014.02.24_19.00.00.jpg,0.7347490787506104,X4.9,"(-82, -12)",2014-02-25 00:39:00
2014/02/24/HMI.m2014.02.24_20.00.00.jpg,0.7797322273254395,X4.9,"(-82, -12)",2014-02-25 00:39:00
2014/02/24/HMI.m2014.02.24_21.00.00.jpg,0.7793157696723938,X4.9,"(-82, -12)",2014-02-25 00:39:00
2014/02/24/HMI.m2014.02.24_22.00.00.jpg,0.8326976895332336,X4.9,"(-82, -12)",2014-02-25 00:39:00
2014/02/24/HMI.m2014.02.24_23.00.00.jpg,0.7565960884094238,X4.9,"(-82, -12)",2014-02-25 00:39:00
2014/02/25/HMI.m2014.02.25_00.00.00.jpg,0.8122504353523254,X4.9,"(-82, -12)",2014-02-25 00:39:00
2014/03/28/HMI.m2014.03.28_18.00.00.jpg,0.6863674521446228,X1.0,"(32, 11)",2014-03-29 17:35:00
2014/03/28/HMI.m2014.03.28_19.00.00.jpg,0.6815623641014099,X1.0,"(32, 11)",2014-03-29 17:35:00
2014/03/28/HMI.m2014.03.28_20.00.00.jpg,0.7080475687980652,X1.0,"(32, 11)",2014-03-29 17:35:00
2014/03/28/HMI.m2014.03.28_21.00.00.jpg,0.6821057200431824,X1.0,"(32, 11)",2014-03-29 17:35:00
2014/03/28/HMI.m2014.03.28_22.00.00.jpg,0.682324230670929,X1.0,"(32, 11)",2014-03-29 17:35:00
2014/03/28/HMI.m2014.03.28_23.00.00.jpg,0.6519371271133423,X1.0,"(32, 11)",2014-03-29 17:35:00
2014/03/29/HMI.m2014.03.29_00.00.00.jpg,0.6371254920959473,X1.0,"(32, 11)",2014-03-29 17:35:00
2014/03/29/HMI.m2014.03.29_01.00.00.jpg,0.6484087109565735,X1.0,"(32, 11)",2014-03-29 17:35:00
2014/03/29/HMI.m2014.03.29_02.00.00.jpg,0.6195747256278992,X1.0,"(32, 11)",2014-03-29 17:35:00
2014/03/29/HMI.m2014.03.29_03.00.00.jpg,0.6271911859512329,X1.0,"(32, 11)",2014-03-29 17:35:00
2014/03/29/HMI.m2014.03.29_04.00.00.jpg,0.6068472862243652,X1.0,"(32, 11)",2014-03-29 17:35:00
2014/03/29/HMI.m2014.03.29_05.00.00.jpg,0.6029623746871948,X1.0,"(32, 11)",2014-03-29 17:35:00
2014/03/29/HMI.m2014.03.29_06.00.00.jpg,0.5969343185424805,X1.0,"(32, 11)",2014-03-29 17:35:00
2014/03/29/HMI.m2014.03.29_07.00.00.jpg,0.6364448666572571,X1.0,"(32, 11)",2014-03-29 17:35:00
2014/03/29/HMI.m2014.03.29_08.00.00.jpg,0.6394345760345459,X1.0,"(32, 11)",2014-03-29 17:35:00
2014/03/29/HMI.m2014.03.29_09.00.00.jpg,0.5994068384170532,X1.0,"(32, 11)",2014-03-29 17:35:00
2014/03/29/HMI.m2014.03.29_10.00.00.jpg,0.6142933368682861,X1.0,"(32, 11)",2014-03-29 17:35:00
2014/03/29/HMI.m2014.03.29_11.00.00.jpg,0.58086097240448,X1.0,"(32, 11)",2014-03-29 17:35:00
2014/03/29/HMI.m2014.03.29_12.00.00.jpg,0.634072482585907,X1.0,"(32, 11)",2014-03-29 17:35:00
2014/03/29/HMI.m2014.03.29_13.00.00.jpg,0.6239928007125854,X1.0,"(32, 11)",2014-03-29 17:35:00
2014/03/29/HMI.m2014.03.29_14.00.00.jpg,0.6052823066711426,X1.0,"(32, 11)",2014-03-29 17:35:00
2014/03/29/HMI.m2014.03.29_15.00.00.jpg,0.6211696863174438,X1.0,"(32, 11)",2014-03-29 17:35:00
2014/03/29/HMI.m2014.03.29_16.00.00.jpg,0.5954456329345703,X1.0,"(32, 11)",2014-03-29 17:35:00
2014/03/29/HMI.m2014.03.29_17.00.00.jpg,0.5550186634063721,X1.0,"(32, 11)",2014-03-29 17:35:00
2015/03/10/HMI.m2015.03.10_17.00.00.jpg,0.6229882836341858,X2.1,"(-21, -17)",2015-03-11 16:11:00
2015/03/10/HMI.m2015.03.10_18.00.00.jpg,0.6109760999679565,X2.1,"(-21, -17)",2015-03-11 16:11:00
2015/03/10/HMI.m2015.03.10_19.00.00.jpg,0.6528520584106445,X2.1,"(-21, -17)",2015-03-11 16:11:00
2015/03/10/HMI.m2015.03.10_20.00.00.jpg,0.5121665000915527,X2.1,"(-21, -17)",2015-03-11 16:11:00
2015/03/10/HMI.m2015.03.10_21.00.00.jpg,0.6474543809890747,X2.1,"(-21, -17)",2015-03-11 16:11:00
2015/03/10/HMI.m2015.03.10_22.00.00.jpg,0.4999261200428009,X2.1,"(-21, -17)",2015-03-11 16:11:00
2015/03/10/HMI.m2015.03.10_23.00.00.jpg,0.6079132556915283,X2.1,"(-21, -17)",2015-03-11 16:11:00
2015/03/11/HMI.m2015.03.11_00.00.00.jpg,0.633416473865509,X2.1,"(-21, -17)",2015-03-11 16:11:00
2015/03/11/HMI.m2015.03.11_01.00.00.jpg,0.5483182668685913,X2.1,"(-21, -17)",2015-03-11 16:11:00
2015/03/11/HMI.m2015.03.11_02.00.00.jpg,0.5803457498550415,X2.1,"(-21, -17)",2015-03-11 16:11:00
2015/03/11/HMI.m2015.03.11_03.00.00.jpg,0.5269386768341064,X2.1,"(-21, -17)",2015-03-11 16:11:00
2015/03/11/HMI.m2015.03.11_04.00.00.jpg,0.5645247101783752,X2.1,"(-21, -17)",2015-03-11 16:11:00
2015/03/11/HMI.m2015.03.11_05.00.00.jpg,0.5713376998901367,X2.1,"(-21, -17)",2015-03-11 16:11:00
2015/03/11/HMI.m2015.03.11_06.00.00.jpg,0.6130034923553467,X2.1,"(-21, -17)",2015-03-11 16:11:00
2015/03/11/HMI.m2015.03.11_08.00.00.jpg,0.621360719203949,X2.1,"(-21, -17)",2015-03-11 16:11:00
2015/03/11/HMI.m2015.03.11_09.00.00.jpg,0.6003695130348206,X2.1,"(-21, -17)",2015-03-11 16:11:00
2015/03/11/HMI.m2015.03.11_10.00.00.jpg,0.5200439095497131,X2.1,"(-21, -17)",2015-03-11 16:11:00
2015/03/11/HMI.m2015.03.11_11.00.00.jpg,0.6053562760353088,X2.1,"(-21, -17)",2015-03-11 16:11:00
2015/03/11/HMI.m2015.03.11_12.00.00.jpg,0.5998963713645935,X2.1,"(-21, -17)",2015-03-11 16:11:00
2015/03/11/HMI.m2015.03.11_13.00.00.jpg,0.6055156588554382,X2.1,"(-21, -17)",2015-03-11 16:11:00
2015/03/11/HMI.m2015.03.11_14.00.00.jpg,0.6700477600097656,X2.1,"(-21, -17)",2015-03-11 16:11:00
2015/03/11/HMI.m2015.03.11_15.00.00.jpg,0.5799433588981628,X2.1,"(-21, -17)",2015-03-11 16:11:00
2015/03/11/HMI.m2015.03.11_16.00.00.jpg,0.6496747136116028,X2.1,"(-21, -17)",2015-03-11 16:11:00
2013/05/12/HMI.m2013.05.12_02.00.00.jpg,0.5612748265266418,X1.7,"(-90, 12)",2013-05-13 01:53:00
2013/05/12/HMI.m2013.05.12_04.00.00.jpg,0.6014285683631897,X1.7,"(-90, 12)",2013-05-13 01:53:00
2013/05/12/HMI.m2013.05.12_05.00.00.jpg,0.6363559365272522,X1.7,"(-90, 12)",2013-05-13 01:53:00
2013/05/12/HMI.m2013.05.12_06.00.00.jpg,0.6239839196205139,X1.7,"(-90, 12)",2013-05-13 01:53:00
2013/05/12/HMI.m2013.05.12_07.00.00.jpg,0.545337438583374,X1.7,"(-90, 12)",2013-05-13 01:53:00
2013/05/12/HMI.m2013.05.12_08.00.00.jpg,0.6081680655479431,X1.7,"(-90, 12)",2013-05-13 01:53:00
2013/05/12/HMI.m2013.05.12_09.00.00.jpg,0.6634550094604492,X1.7,"(-90, 12)",2013-05-13 01:53:00
2013/05/12/HMI.m2013.05.12_10.00.00.jpg,0.7190319895744324,X1.7,"(-90, 12)",2013-05-13 01:53:00
2013/05/12/HMI.m2013.05.12_11.00.00.jpg,0.7256665229797363,X1.7,"(-90, 12)",2013-05-13 01:53:00
2013/05/12/HMI.m2013.05.12_12.00.00.jpg,0.6775764226913452,X1.7,"(-90, 12)",2013-05-13 01:53:00
2013/05/12/HMI.m2013.05.12_13.00.00.jpg,0.734661340713501,X1.7,"(-90, 12)",2013-05-13 01:53:00
2013/05/12/HMI.m2013.05.12_14.00.00.jpg,0.7450437545776367,X1.7,"(-90, 12)",2013-05-13 01:53:00
2013/05/12/HMI.m2013.05.12_15.00.00.jpg,0.7478577494621277,X1.7,"(-90, 12)",2013-05-13 01:53:00
2013/05/12/HMI.m2013.05.12_16.00.00.jpg,0.7100141644477844,X2.8,"(-85, 11)",2013-05-13 15:48:00
2013/05/13/HMI.m2013.05.13_00.00.00.jpg,0.8617780804634094,X2.8,"(-85, 11)",2013-05-13 15:48:00
2013/05/13/HMI.m2013.05.13_01.00.00.jpg,0.87537682056427,X3.2,"(-80.3081384076641, 12)",2013-05-14 00:00:00
2013/05/13/HMI.m2013.05.13_02.00.00.jpg,0.875486433506012,X3.2,"(-80.3081384076641, 12)",2013-05-14 00:00:00
2013/05/13/HMI.m2013.05.13_03.00.00.jpg,0.870993971824646,X3.2,"(-80.3081384076641, 12)",2013-05-14 00:00:00
2013/05/13/HMI.m2013.05.13_04.00.00.jpg,0.8346602916717529,X3.2,"(-80.3081384076641, 12)",2013-05-14 00:00:00
2013/05/13/HMI.m2013.05.13_05.00.00.jpg,0.8607960343360901,X3.2,"(-80.3081384076641, 12)",2013-05-14 00:00:00
2013/05/13/HMI.m2013.05.13_06.00.00.jpg,0.8508951663970947,X3.2,"(-80.3081384076641, 12)",2013-05-14 00:00:00
2013/05/13/HMI.m2013.05.13_07.00.00.jpg,0.8500111699104309,X3.2,"(-80.3081384076641, 12)",2013-05-14 00:00:00
2013/05/13/HMI.m2013.05.13_08.00.00.jpg,0.8617150187492371,X3.2,"(-80.3081384076641, 12)",2013-05-14 00:00:00
2013/05/13/HMI.m2013.05.13_09.00.00.jpg,0.8126383423805237,X3.2,"(-80.3081384076641, 12)",2013-05-14 00:00:00
2013/05/13/HMI.m2013.05.13_10.00.00.jpg,0.8766948580741882,X3.2,"(-80.3081384076641, 12)",2013-05-14 00:00:00
2013/05/13/HMI.m2013.05.13_11.00.00.jpg,0.8187631964683533,X3.2,"(-80.3081384076641, 12)",2013-05-14 00:00:00
2013/05/13/HMI.m2013.05.13_12.00.00.jpg,0.8328152298927307,X3.2,"(-80.3081384076641, 12)",2013-05-14 00:00:00
2013/05/13/HMI.m2013.05.13_13.00.00.jpg,0.8172748684883118,X3.2,"(-80.3081384076641, 12)",2013-05-14 00:00:00
2013/05/13/HMI.m2013.05.13_14.00.00.jpg,0.833892285823822,X3.2,"(-80.3081384076641, 12)",2013-05-14 00:00:00
2013/05/13/HMI.m2013.05.13_15.00.00.jpg,0.8505104780197144,X3.2,"(-80.3081384076641, 12)",2013-05-14 00:00:00
2013/05/13/HMI.m2013.05.13_16.00.00.jpg,0.7960876226425171,X3.2,"(-80.3081384076641, 12)",2013-05-14 00:00:00
2013/05/13/HMI.m2013.05.13_17.00.00.jpg,0.8388029336929321,X3.2,"(-80.3081384076641, 12)",2013-05-14 00:00:00
2013/05/13/HMI.m2013.05.13_18.00.00.jpg,0.8369948267936707,X3.2,"(-80.3081384076641, 12)",2013-05-14 00:00:00
2013/05/13/HMI.m2013.05.13_19.00.00.jpg,0.8037418723106384,X3.2,"(-80.3081384076641, 12)",2013-05-14 00:00:00
2013/05/13/HMI.m2013.05.13_20.00.00.jpg,0.7967911958694458,X3.2,"(-80.3081384076641, 12)",2013-05-14 00:00:00
2013/05/13/HMI.m2013.05.13_21.00.00.jpg,0.8517313003540039,X3.2,"(-80.3081384076641, 12)",2013-05-14 00:00:00
2013/05/13/HMI.m2013.05.13_22.00.00.jpg,0.7462260127067566,X3.2,"(-80.3081384076641, 12)",2013-05-14 00:00:00
2013/05/13/HMI.m2013.05.13_23.00.00.jpg,0.7667401432991028,X3.2,"(-80.3081384076641, 12)",2013-05-14 00:00:00
2013/05/14/HMI.m2013.05.14_02.00.00.jpg,0.784188449382782,X1.2,"(-64, 12)",2013-05-15 01:25:00
2013/05/14/HMI.m2013.05.14_03.00.00.jpg,0.8460742831230164,X1.2,"(-64, 12)",2013-05-15 01:25:00
2013/05/14/HMI.m2013.05.14_04.00.00.jpg,0.8159789443016052,X1.2,"(-64, 12)",2013-05-15 01:25:00
2013/05/14/HMI.m2013.05.14_05.00.00.jpg,0.8008211255073547,X1.2,"(-64, 12)",2013-05-15 01:25:00
2013/05/14/HMI.m2013.05.14_06.00.00.jpg,0.7623337507247925,X1.2,"(-64, 12)",2013-05-15 01:25:00
2013/05/14/HMI.m2013.05.14_07.00.00.jpg,0.8299663662910461,X1.2,"(-64, 12)",2013-05-15 01:25:00
2013/05/14/HMI.m2013.05.14_08.00.00.jpg,0.8523151874542236,X1.2,"(-64, 12)",2013-05-15 01:25:00
2013/05/14/HMI.m2013.05.14_09.00.00.jpg,0.8334167003631592,X1.2,"(-64, 12)",2013-05-15 01:25:00
2013/05/14/HMI.m2013.05.14_10.00.00.jpg,0.7946615815162659,X1.2,"(-64, 12)",2013-05-15 01:25:00
2013/05/14/HMI.m2013.05.14_11.00.00.jpg,0.7923164963722229,X1.2,"(-64, 12)",2013-05-15 01:25:00
2013/05/14/HMI.m2013.05.14_12.00.00.jpg,0.8417799472808838,X1.2,"(-64, 12)",2013-05-15 01:25:00
2013/05/14/HMI.m2013.05.14_13.00.00.jpg,0.8292117714881897,X1.2,"(-64, 12)",2013-05-15 01:25:00
2013/05/14/HMI.m2013.05.14_14.00.00.jpg,0.8301184177398682,X1.2,"(-64, 12)",2013-05-15 01:25:00
2013/05/14/HMI.m2013.05.14_15.00.00.jpg,0.7850049138069153,X1.2,"(-64, 12)",2013-05-15 01:25:00
2013/05/14/HMI.m2013.05.14_16.00.00.jpg,0.7738393545150757,X1.2,"(-64, 12)",2013-05-15 01:25:00
2013/05/14/HMI.m2013.05.14_17.00.00.jpg,0.7853013873100281,X1.2,"(-64, 12)",2013-05-15 01:25:00
2013/05/14/HMI.m2013.05.14_18.00.00.jpg,0.7527390718460083,X1.2,"(-64, 12)",2013-05-15 01:25:00
2013/05/14/HMI.m2013.05.14_19.00.00.jpg,0.7586624622344971,X1.2,"(-64, 12)",2013-05-15 01:25:00
2013/05/14/HMI.m2013.05.14_20.00.00.jpg,0.7700828313827515,X1.2,"(-64, 12)",2013-05-15 01:25:00
2013/05/14/HMI.m2013.05.14_21.00.00.jpg,0.6900723576545715,X1.2,"(-64, 12)",2013-05-15 01:25:00
2013/05/14/HMI.m2013.05.14_22.00.00.jpg,0.6926910281181335,X1.2,"(-64, 12)",2013-05-15 01:25:00
2013/05/14/HMI.m2013.05.14_23.00.00.jpg,0.6863046288490295,X1.2,"(-64, 12)",2013-05-15 01:25:00
2013/05/15/HMI.m2013.05.15_00.00.00.jpg,0.6708810329437256,X1.2,"(-64, 12)",2013-05-15 01:25:00
2013/05/15/HMI.m2013.05.15_01.00.00.jpg,0.6702404618263245,X1.2,"(-64, 12)",2013-05-15 01:25:00
2014/04/24/HMI.m2014.04.24_01.00.00.jpg,0.3123640120029449,X1.3,"(90, -13)",2014-04-25 00:17:00
2014/04/24/HMI.m2014.04.24_02.00.00.jpg,0.3444237112998962,X1.3,"(90, -13)",2014-04-25 00:17:00
2014/04/24/HMI.m2014.04.24_03.00.00.jpg,0.3316978812217712,X1.3,"(90, -13)",2014-04-25 00:17:00
2014/04/24/HMI.m2014.04.24_04.00.00.jpg,0.3634757399559021,X1.3,"(90, -13)",2014-04-25 00:17:00
2014/04/24/HMI.m2014.04.24_05.00.00.jpg,0.3134195208549499,X1.3,"(90, -13)",2014-04-25 00:17:00
2014/04/24/HMI.m2014.04.24_06.00.00.jpg,0.3166760802268982,X1.3,"(90, -13)",2014-04-25 00:17:00
2014/04/24/HMI.m2014.04.24_07.00.00.jpg,0.2959947288036346,X1.3,"(90, -13)",2014-04-25 00:17:00
2014/04/24/HMI.m2014.04.24_08.00.00.jpg,0.2576335668563843,X1.3,"(90, -13)",2014-04-25 00:17:00
2014/04/24/HMI.m2014.04.24_09.00.00.jpg,0.3038283884525299,X1.3,"(90, -13)",2014-04-25 00:17:00
2014/04/24/HMI.m2014.04.24_10.00.00.jpg,0.320510059595108,X1.3,"(90, -13)",2014-04-25 00:17:00
2014/04/24/HMI.m2014.04.24_11.00.00.jpg,0.2878287434577942,X1.3,"(90, -13)",2014-04-25 00:17:00
2014/04/24/HMI.m2014.04.24_12.00.00.jpg,0.3666741549968719,X1.3,"(90, -13)",2014-04-25 00:17:00
2014/04/24/HMI.m2014.04.24_13.00.00.jpg,0.3230196833610534,X1.3,"(90, -13)",2014-04-25 00:17:00
2014/04/24/HMI.m2014.04.24_14.00.00.jpg,0.2902442514896393,X1.3,"(90, -13)",2014-04-25 00:17:00
2014/04/24/HMI.m2014.04.24_15.00.00.jpg,0.29271399974823,X1.3,"(90, -13)",2014-04-25 00:17:00
2014/04/24/HMI.m2014.04.24_16.00.00.jpg,0.301196426153183,X1.3,"(90, -13)",2014-04-25 00:17:00
2014/04/24/HMI.m2014.04.24_17.00.00.jpg,0.3349909782409668,X1.3,"(90, -13)",2014-04-25 00:17:00
2014/04/24/HMI.m2014.04.24_18.00.00.jpg,0.3649698495864868,X1.3,"(90, -13)",2014-04-25 00:17:00
2014/04/24/HMI.m2014.04.24_19.00.00.jpg,0.3566506803035736,X1.3,"(90, -13)",2014-04-25 00:17:00
2014/04/24/HMI.m2014.04.24_20.00.00.jpg,0.3490433692932129,X1.3,"(90, -13)",2014-04-25 00:17:00
2014/04/24/HMI.m2014.04.24_21.00.00.jpg,0.3670632541179657,X1.3,"(90, -13)",2014-04-25 00:17:00
2014/04/24/HMI.m2014.04.24_22.00.00.jpg,0.3537246584892273,X1.3,"(90, -13)",2014-04-25 00:17:00
2014/04/24/HMI.m2014.04.24_23.00.00.jpg,0.3991619646549225,X1.3,"(90, -13)",2014-04-25 00:17:00
2014/04/25/HMI.m2014.04.25_00.00.00.jpg,0.3303457200527191,X1.3,"(90, -13)",2014-04-25 00:17:00
2014/06/09/HMI.m2014.06.09_12.00.00.jpg,0.7300289869308472,X2.2,"(-80, -15)",2014-06-10 11:36:00
2014/06/09/HMI.m2014.06.09_13.00.00.jpg,0.6684215664863586,X2.2,"(-80, -15)",2014-06-10 11:36:00
2014/06/09/HMI.m2014.06.09_14.00.00.jpg,0.6489292979240417,X2.2,"(-80, -15)",2014-06-10 11:36:00
2014/06/09/HMI.m2014.06.09_15.00.00.jpg,0.652237057685852,X2.2,"(-80, -15)",2014-06-10 11:36:00
2014/06/09/HMI.m2014.06.09_16.00.00.jpg,0.7469764351844788,X2.2,"(-80, -15)",2014-06-10 11:36:00
2014/06/09/HMI.m2014.06.09_17.00.00.jpg,0.6482728719711304,X2.2,"(-80, -15)",2014-06-10 11:36:00
2014/06/09/HMI.m2014.06.09_18.00.00.jpg,0.6212125420570374,X2.2,"(-80, -15)",2014-06-10 11:36:00
2014/06/09/HMI.m2014.06.09_19.00.00.jpg,0.6640145182609558,X2.2,"(-80, -15)",2014-06-10 11:36:00
2014/06/09/HMI.m2014.06.09_20.00.00.jpg,0.6892203092575073,X2.2,"(-80, -15)",2014-06-10 11:36:00
2014/06/09/HMI.m2014.06.09_21.00.00.jpg,0.6709370613098145,X2.2,"(-80, -15)",2014-06-10 11:36:00
2014/06/09/HMI.m2014.06.09_22.00.00.jpg,0.6129748821258545,X2.2,"(-80, -15)",2014-06-10 11:36:00
2014/06/09/HMI.m2014.06.09_23.00.00.jpg,0.6490539908409119,X2.2,"(-80, -15)",2014-06-10 11:36:00
2014/06/10/HMI.m2014.06.10_00.00.00.jpg,0.6023941040039062,X2.2,"(-80, -15)",2014-06-10 11:36:00
2014/06/10/HMI.m2014.06.10_01.00.00.jpg,0.7473086714744568,X2.2,"(-80, -15)",2014-06-10 11:36:00
2014/06/10/HMI.m2014.06.10_02.00.00.jpg,0.7460567355155945,X2.2,"(-80, -15)",2014-06-10 11:36:00
2014/06/10/HMI.m2014.06.10_03.00.00.jpg,0.7499253749847412,X2.2,"(-80, -15)",2014-06-10 11:36:00
2014/06/10/HMI.m2014.06.10_04.00.00.jpg,0.7584416270256042,X2.2,"(-80, -15)",2014-06-10 11:36:00
2014/06/10/HMI.m2014.06.10_05.00.00.jpg,0.7554309368133545,X2.2,"(-80, -15)",2014-06-10 11:36:00
2014/06/10/HMI.m2014.06.10_06.00.00.jpg,0.8218050599098206,X2.2,"(-80, -15)",2014-06-10 11:36:00
2014/06/10/HMI.m2014.06.10_07.00.00.jpg,0.7698512077331543,X2.2,"(-80, -15)",2014-06-10 11:36:00
2014/06/10/HMI.m2014.06.10_08.00.00.jpg,0.7400078177452087,X2.2,"(-80, -15)",2014-06-10 11:36:00
2014/06/10/HMI.m2014.06.10_09.00.00.jpg,0.7723111510276794,X2.2,"(-80, -15)",2014-06-10 11:36:00
2014/06/10/HMI.m2014.06.10_10.00.00.jpg,0.755977213382721,X2.2,"(-80, -15)",2014-06-10 11:36:00
2014/06/10/HMI.m2014.06.10_11.00.00.jpg,0.8693053722381592,X2.2,"(-80, -15)",2014-06-10 11:36:00
2014/06/10/HMI.m2014.06.10_12.00.00.jpg,0.848533034324646,X1.5,"(-82, -17)",2014-06-10 12:36:00
2014/06/10/HMI.m2014.06.10_13.00.00.jpg,0.8552112579345703,X1.0,"(-65, -18)",2014-06-11 08:59:00
2014/06/10/HMI.m2014.06.10_14.00.00.jpg,0.8608047962188721,X1.0,"(-65, -18)",2014-06-11 08:59:00
2014/06/10/HMI.m2014.06.10_15.00.00.jpg,0.838827908039093,X1.0,"(-65, -18)",2014-06-11 08:59:00
2014/06/10/HMI.m2014.06.10_16.00.00.jpg,0.8726577162742615,X1.0,"(-65, -18)",2014-06-11 08:59:00
2014/06/10/HMI.m2014.06.10_17.00.00.jpg,0.862524151802063,X1.0,"(-65, -18)",2014-06-11 08:59:00
2014/06/10/HMI.m2014.06.10_18.00.00.jpg,0.8583821058273315,X1.0,"(-65, -18)",2014-06-11 08:59:00
2014/06/10/HMI.m2014.06.10_19.00.00.jpg,0.8475601673126221,X1.0,"(-65, -18)",2014-06-11 08:59:00
2014/06/10/HMI.m2014.06.10_20.00.00.jpg,0.8518075942993164,X1.0,"(-65, -18)",2014-06-11 08:59:00
2014/06/10/HMI.m2014.06.10_21.00.00.jpg,0.912619411945343,X1.0,"(-65, -18)",2014-06-11 08:59:00
2014/06/10/HMI.m2014.06.10_22.00.00.jpg,0.8903259038925171,X1.0,"(-65, -18)",2014-06-11 08:59:00
2014/06/10/HMI.m2014.06.10_23.00.00.jpg,0.8864837884902954,X1.0,"(-65, -18)",2014-06-11 08:59:00
2014/06/11/HMI.m2014.06.11_00.00.00.jpg,0.8971699476242065,X1.0,"(-65, -18)",2014-06-11 08:59:00
2014/06/11/HMI.m2014.06.11_01.00.00.jpg,0.8759678602218628,X1.0,"(-65, -18)",2014-06-11 08:59:00
2014/06/11/HMI.m2014.06.11_02.00.00.jpg,0.9079101085662842,X1.0,"(-65, -18)",2014-06-11 08:59:00
2014/06/11/HMI.m2014.06.11_03.00.00.jpg,0.9151879549026488,X1.0,"(-65, -18)",2014-06-11 08:59:00
2014/06/11/HMI.m2014.06.11_04.00.00.jpg,0.8952041268348694,X1.0,"(-65, -18)",2014-06-11 08:59:00
2014/06/11/HMI.m2014.06.11_05.00.00.jpg,0.8979453444480896,X1.0,"(-65, -18)",2014-06-11 08:59:00
2014/06/11/HMI.m2014.06.11_06.00.00.jpg,0.8920712471008301,X1.0,"(-65, -18)",2014-06-11 08:59:00
2014/06/11/HMI.m2014.06.11_07.00.00.jpg,0.9233497977256776,X1.0,"(-65, -18)",2014-06-11 08:59:00
2014/06/11/HMI.m2014.06.11_08.00.00.jpg,0.9350888133049012,X1.0,"(-65, -18)",2014-06-11 08:59:00
2015/05/04/HMI.m2015.05.04_23.00.00.jpg,0.1342055797576904,X2.7,"(-71.06215371217765, 12)",2015-05-05 22:05:00
2015/05/05/HMI.m2015.05.05_00.00.00.jpg,0.1342551559209823,X2.7,"(-71.06215371217765, 12)",2015-05-05 22:05:00
2015/05/05/HMI.m2015.05.05_01.00.00.jpg,0.2130587697029113,X2.7,"(-71.06215371217765, 12)",2015-05-05 22:05:00
2015/05/05/HMI.m2015.05.05_02.00.00.jpg,0.1630379408597946,X2.7,"(-71.06215371217765, 12)",2015-05-05 22:05:00
2015/05/05/HMI.m2015.05.05_03.00.00.jpg,0.171171024441719,X2.7,"(-71.06215371217765, 12)",2015-05-05 22:05:00
2015/05/05/HMI.m2015.05.05_04.00.00.jpg,0.1759749203920364,X2.7,"(-71.06215371217765, 12)",2015-05-05 22:05:00
2015/05/05/HMI.m2015.05.05_05.00.00.jpg,0.1795399188995361,X2.7,"(-71.06215371217765, 12)",2015-05-05 22:05:00
2015/05/05/HMI.m2015.05.05_06.00.00.jpg,0.2424440234899521,X2.7,"(-71.06215371217765, 12)",2015-05-05 22:05:00
2015/05/05/HMI.m2015.05.05_07.00.00.jpg,0.1555058807134628,X2.7,"(-71.06215371217765, 12)",2015-05-05 22:05:00
2015/05/05/HMI.m2015.05.05_08.00.00.jpg,0.2143763154745102,X2.7,"(-71.06215371217765, 12)",2015-05-05 22:05:00
2015/05/05/HMI.m2015.05.05_09.00.00.jpg,0.209975317120552,X2.7,"(-71.06215371217765, 12)",2015-05-05 22:05:00
2015/05/05/HMI.m2015.05.05_10.00.00.jpg,0.2659750580787658,X2.7,"(-71.06215371217765, 12)",2015-05-05 22:05:00
2015/05/05/HMI.m2015.05.05_11.00.00.jpg,0.2210925668478012,X2.7,"(-71.06215371217765, 12)",2015-05-05 22:05:00
2015/05/05/HMI.m2015.05.05_12.00.00.jpg,0.2378667593002319,X2.7,"(-71.06215371217765, 12)",2015-05-05 22:05:00
2015/05/05/HMI.m2015.05.05_13.00.00.jpg,0.2814314067363739,X2.7,"(-71.06215371217765, 12)",2015-05-05 22:05:00
2015/05/05/HMI.m2015.05.05_14.00.00.jpg,0.2777630686759949,X2.7,"(-71.06215371217765, 12)",2015-05-05 22:05:00
2015/05/05/HMI.m2015.05.05_15.00.00.jpg,0.317495733499527,X2.7,"(-71.06215371217765, 12)",2015-05-05 22:05:00
2015/05/05/HMI.m2015.05.05_16.00.00.jpg,0.2588591277599334,X2.7,"(-71.06215371217765, 12)",2015-05-05 22:05:00
2015/05/05/HMI.m2015.05.05_17.00.00.jpg,0.251992255449295,X2.7,"(-71.06215371217765, 12)",2015-05-05 22:05:00
2015/05/05/HMI.m2015.05.05_18.00.00.jpg,0.3361366987228393,X2.7,"(-71.06215371217765, 12)",2015-05-05 22:05:00
2015/05/05/HMI.m2015.05.05_19.00.00.jpg,0.3039289116859436,X2.7,"(-71.06215371217765, 12)",2015-05-05 22:05:00
2015/05/05/HMI.m2015.05.05_20.00.00.jpg,0.2949461638927459,X2.7,"(-71.06215371217765, 12)",2015-05-05 22:05:00
2015/05/05/HMI.m2015.05.05_21.00.00.jpg,0.253254234790802,X2.7,"(-71.06215371217765, 12)",2015-05-05 22:05:00
2015/05/05/HMI.m2015.05.05_22.00.00.jpg,0.2511665523052215,X2.7,"(-71.06215371217765, 12)",2015-05-05 22:05:00
2011/08/08/HMI.m2011.08.08_08.00.00.jpg,0.3187929093837738,X6.9,"(69, 17)",2011-08-09 07:48:00
2011/08/08/HMI.m2011.08.08_09.00.00.jpg,0.4225694537162781,X6.9,"(69, 17)",2011-08-09 07:48:00
2011/08/08/HMI.m2011.08.08_10.00.00.jpg,0.4958030581474304,X6.9,"(69, 17)",2011-08-09 07:48:00
2011/08/08/HMI.m2011.08.08_11.00.00.jpg,0.4728584289550781,X6.9,"(69, 17)",2011-08-09 07:48:00
2011/08/08/HMI.m2011.08.08_12.00.00.jpg,0.4243654310703277,X6.9,"(69, 17)",2011-08-09 07:48:00
2011/08/08/HMI.m2011.08.08_13.00.00.jpg,0.3622657656669616,X6.9,"(69, 17)",2011-08-09 07:48:00
2011/08/08/HMI.m2011.08.08_14.00.00.jpg,0.4084218442440033,X6.9,"(69, 17)",2011-08-09 07:48:00
2011/08/08/HMI.m2011.08.08_15.00.00.jpg,0.3216124773025512,X6.9,"(69, 17)",2011-08-09 07:48:00
2011/08/08/HMI.m2011.08.08_16.00.00.jpg,0.3577645123004913,X6.9,"(69, 17)",2011-08-09 07:48:00
2011/08/08/HMI.m2011.08.08_17.00.00.jpg,0.3799622356891632,X6.9,"(69, 17)",2011-08-09 07:48:00
2011/08/08/HMI.m2011.08.08_18.00.00.jpg,0.3610163927078247,X6.9,"(69, 17)",2011-08-09 07:48:00
2011/08/08/HMI.m2011.08.08_19.00.00.jpg,0.3732150793075561,X6.9,"(69, 17)",2011-08-09 07:48:00
2011/08/08/HMI.m2011.08.08_20.00.00.jpg,0.2433018684387207,X6.9,"(69, 17)",2011-08-09 07:48:00
2011/08/08/HMI.m2011.08.08_21.00.00.jpg,0.3311128616333008,X6.9,"(69, 17)",2011-08-09 07:48:00
2011/08/08/HMI.m2011.08.08_22.00.00.jpg,0.2545891404151916,X6.9,"(69, 17)",2011-08-09 07:48:00
2011/08/08/HMI.m2011.08.08_23.00.00.jpg,0.3400779366493225,X6.9,"(69, 17)",2011-08-09 07:48:00
2011/08/09/HMI.m2011.08.09_00.00.00.jpg,0.3262242376804352,X6.9,"(69, 17)",2011-08-09 07:48:00
2011/08/09/HMI.m2011.08.09_01.00.00.jpg,0.2938144207000732,X6.9,"(69, 17)",2011-08-09 07:48:00
2011/08/09/HMI.m2011.08.09_02.00.00.jpg,0.2643211185932159,X6.9,"(69, 17)",2011-08-09 07:48:00
2011/08/09/HMI.m2011.08.09_03.00.00.jpg,0.2226520627737045,X6.9,"(69, 17)",2011-08-09 07:48:00
2011/08/09/HMI.m2011.08.09_04.00.00.jpg,0.285346508026123,X6.9,"(69, 17)",2011-08-09 07:48:00
2011/08/09/HMI.m2011.08.09_05.00.00.jpg,0.26762655377388,X6.9,"(69, 17)",2011-08-09 07:48:00
2011/08/09/HMI.m2011.08.09_06.00.00.jpg,0.2012670338153839,X6.9,"(69, 17)",2011-08-09 07:48:00
2011/08/09/HMI.m2011.08.09_07.00.00.jpg,0.2172435224056244,X6.9,"(69, 17)",2011-08-09 07:48:00
2011/09/05/HMI.m2011.09.05_23.00.00.jpg,0.4005859494209289,X2.1,"(18, 14)",2011-09-06 22:12:00
2011/09/06/HMI.m2011.09.06_00.00.00.jpg,0.4186329841613769,X2.1,"(18, 14)",2011-09-06 22:12:00
2011/09/06/HMI.m2011.09.06_01.00.00.jpg,0.5317939519882202,X2.1,"(18, 14)",2011-09-06 22:12:00
2011/09/06/HMI.m2011.09.06_02.00.00.jpg,0.639744758605957,X2.1,"(18, 14)",2011-09-06 22:12:00
2011/09/06/HMI.m2011.09.06_03.00.00.jpg,0.5979076027870178,X2.1,"(18, 14)",2011-09-06 22:12:00
2011/09/06/HMI.m2011.09.06_04.00.00.jpg,0.5383918881416321,X2.1,"(18, 14)",2011-09-06 22:12:00
2011/09/06/HMI.m2011.09.06_05.00.00.jpg,0.4369778037071228,X2.1,"(18, 14)",2011-09-06 22:12:00
2011/09/06/HMI.m2011.09.06_06.00.00.jpg,0.432307094335556,X2.1,"(18, 14)",2011-09-06 22:12:00
2011/09/06/HMI.m2011.09.06_07.00.00.jpg,0.4233565628528595,X2.1,"(18, 14)",2011-09-06 22:12:00
2011/09/06/HMI.m2011.09.06_08.00.00.jpg,0.3804710507392883,X2.1,"(18, 14)",2011-09-06 22:12:00
2011/09/06/HMI.m2011.09.06_09.00.00.jpg,0.6359545588493347,X2.1,"(18, 14)",2011-09-06 22:12:00
2011/09/06/HMI.m2011.09.06_10.00.00.jpg,0.600299060344696,X2.1,"(18, 14)",2011-09-06 22:12:00
2011/09/06/HMI.m2011.09.06_11.00.00.jpg,0.6624417304992676,X2.1,"(18, 14)",2011-09-06 22:12:00
2011/09/06/HMI.m2011.09.06_12.00.00.jpg,0.4082199037075043,X2.1,"(18, 14)",2011-09-06 22:12:00
2011/09/06/HMI.m2011.09.06_13.00.00.jpg,0.4640903770923614,X2.1,"(18, 14)",2011-09-06 22:12:00
2011/09/06/HMI.m2011.09.06_14.00.00.jpg,0.3749623298645019,X2.1,"(18, 14)",2011-09-06 22:12:00
2011/09/06/HMI.m2011.09.06_15.00.00.jpg,0.4883348643779754,X2.1,"(18, 14)",2011-09-06 22:12:00
2011/09/06/HMI.m2011.09.06_16.00.00.jpg,0.3010007441043854,X2.1,"(18, 14)",2011-09-06 22:12:00
2011/09/06/HMI.m2011.09.06_17.00.00.jpg,0.3928610980510711,X2.1,"(18, 14)",2011-09-06 22:12:00
2011/09/06/HMI.m2011.09.06_18.00.00.jpg,0.3942612707614898,X2.1,"(18, 14)",2011-09-06 22:12:00
2011/09/06/HMI.m2011.09.06_19.00.00.jpg,0.5501434206962585,X2.1,"(18, 14)",2011-09-06 22:12:00
2011/09/06/HMI.m2011.09.06_20.00.00.jpg,0.4158437252044678,X2.1,"(18, 14)",2011-09-06 22:12:00
2011/09/06/HMI.m2011.09.06_21.00.00.jpg,0.4427350759506225,X2.1,"(18, 14)",2011-09-06 22:12:00
2011/09/06/HMI.m2011.09.06_22.00.00.jpg,0.4176045954227447,X2.1,"(18, 14)",2011-09-06 22:12:00
2011/09/06/HMI.m2011.09.06_23.00.00.jpg,0.4759760200977325,X1.8,"(28, 14)",2011-09-07 22:32:00
2011/09/07/HMI.m2011.09.07_00.00.00.jpg,0.4138261377811432,X1.8,"(28, 14)",2011-09-07 22:32:00
2011/09/07/HMI.m2011.09.07_01.00.00.jpg,0.4095376133918762,X1.8,"(28, 14)",2011-09-07 22:32:00
2011/09/07/HMI.m2011.09.07_02.00.00.jpg,0.4023497998714447,X1.8,"(28, 14)",2011-09-07 22:32:00
2011/09/07/HMI.m2011.09.07_03.00.00.jpg,0.5365546345710754,X1.8,"(28, 14)",2011-09-07 22:32:00
2011/09/07/HMI.m2011.09.07_04.00.00.jpg,0.5815956592559814,X1.8,"(28, 14)",2011-09-07 22:32:00
2011/09/07/HMI.m2011.09.07_05.00.00.jpg,0.3795394003391266,X1.8,"(28, 14)",2011-09-07 22:32:00
2011/09/07/HMI.m2011.09.07_06.00.00.jpg,0.4261232018470764,X1.8,"(28, 14)",2011-09-07 22:32:00
2011/09/07/HMI.m2011.09.07_07.00.00.jpg,0.3431821167469024,X1.8,"(28, 14)",2011-09-07 22:32:00
2011/09/07/HMI.m2011.09.07_08.00.00.jpg,0.4900844097137451,X1.8,"(28, 14)",2011-09-07 22:32:00
2011/09/07/HMI.m2011.09.07_09.00.00.jpg,0.4749170541763305,X1.8,"(28, 14)",2011-09-07 22:32:00
2011/09/07/HMI.m2011.09.07_10.00.00.jpg,0.3308178186416626,X1.8,"(28, 14)",2011-09-07 22:32:00
2011/09/07/HMI.m2011.09.07_11.00.00.jpg,0.4068095088005066,X1.8,"(28, 14)",2011-09-07 22:32:00
2011/09/07/HMI.m2011.09.07_12.00.00.jpg,0.4179953634738922,X1.8,"(28, 14)",2011-09-07 22:32:00
2011/09/07/HMI.m2011.09.07_13.00.00.jpg,0.533376932144165,X1.8,"(28, 14)",2011-09-07 22:32:00
2011/09/07/HMI.m2011.09.07_14.00.00.jpg,0.4909310638904571,X1.8,"(28, 14)",2011-09-07 22:32:00
2011/09/07/HMI.m2011.09.07_15.00.00.jpg,0.5309220552444458,X1.8,"(28, 14)",2011-09-07 22:32:00
2011/09/07/HMI.m2011.09.07_16.00.00.jpg,0.5674857497215271,X1.8,"(28, 14)",2011-09-07 22:32:00
2011/09/07/HMI.m2011.09.07_17.00.00.jpg,0.505817174911499,X1.8,"(28, 14)",2011-09-07 22:32:00
2011/09/07/HMI.m2011.09.07_18.00.00.jpg,0.5585747361183167,X1.8,"(28, 14)",2011-09-07 22:32:00
2011/09/07/HMI.m2011.09.07_19.00.00.jpg,0.5267629623413086,X1.8,"(28, 14)",2011-09-07 22:32:00
2011/09/07/HMI.m2011.09.07_20.00.00.jpg,0.5733544230461121,X1.8,"(28, 14)",2011-09-07 22:32:00
2011/09/07/HMI.m2011.09.07_21.00.00.jpg,0.6725994348526001,X1.8,"(28, 14)",2011-09-07 22:32:00
2011/09/07/HMI.m2011.09.07_22.00.00.jpg,0.6483527421951294,X1.8,"(28, 14)",2011-09-07 22:32:00
2011/09/21/HMI.m2011.09.21_16.00.00.jpg,0.6251638531684875,X1.4,"(-81.59795012173367, 11)",2011-09-22 10:29:00
2011/09/21/HMI.m2011.09.21_17.00.00.jpg,0.6331491470336914,X1.4,"(-81.59795012173367, 11)",2011-09-22 10:29:00
2011/09/21/HMI.m2011.09.21_18.00.00.jpg,0.5271716117858887,X1.4,"(-81.59795012173367, 11)",2011-09-22 10:29:00
2011/09/21/HMI.m2011.09.21_19.00.00.jpg,0.4663313627243042,X1.4,"(-81.59795012173367, 11)",2011-09-22 10:29:00
2011/09/21/HMI.m2011.09.21_20.00.00.jpg,0.4118226766586303,X1.4,"(-81.59795012173367, 11)",2011-09-22 10:29:00
2011/09/21/HMI.m2011.09.21_21.00.00.jpg,0.5557831525802612,X1.4,"(-81.59795012173367, 11)",2011-09-22 10:29:00
2011/09/21/HMI.m2011.09.21_22.00.00.jpg,0.5604093074798584,X1.4,"(-81.59795012173367, 11)",2011-09-22 10:29:00
2011/09/21/HMI.m2011.09.21_23.00.00.jpg,0.5950610041618347,X1.4,"(-81.59795012173367, 11)",2011-09-22 10:29:00
2011/09/22/HMI.m2011.09.22_00.00.00.jpg,0.6086434125900269,X1.4,"(-81.59795012173367, 11)",2011-09-22 10:29:00
2011/09/22/HMI.m2011.09.22_01.00.00.jpg,0.6610673666000366,X1.4,"(-81.59795012173367, 11)",2011-09-22 10:29:00
2011/09/22/HMI.m2011.09.22_02.00.00.jpg,0.6246228218078613,X1.4,"(-81.59795012173367, 11)",2011-09-22 10:29:00
2011/09/22/HMI.m2011.09.22_03.00.00.jpg,0.6147589087486267,X1.4,"(-81.59795012173367, 11)",2011-09-22 10:29:00
2011/09/22/HMI.m2011.09.22_04.00.00.jpg,0.5992116332054138,X1.4,"(-81.59795012173367, 11)",2011-09-22 10:29:00
2011/09/22/HMI.m2011.09.22_05.00.00.jpg,0.635723888874054,X1.4,"(-81.59795012173367, 11)",2011-09-22 10:29:00
2011/09/22/HMI.m2011.09.22_06.00.00.jpg,0.6394136548042297,X1.4,"(-81.59795012173367, 11)",2011-09-22 10:29:00
2011/09/22/HMI.m2011.09.22_08.00.00.jpg,0.6308614015579224,X1.4,"(-81.59795012173367, 11)",2011-09-22 10:29:00
2011/09/22/HMI.m2011.09.22_09.00.00.jpg,0.6022375822067261,X1.4,"(-81.59795012173367, 11)",2011-09-22 10:29:00
2011/09/22/HMI.m2011.09.22_10.00.00.jpg,0.6130558252334595,X1.4,"(-81.59795012173367, 11)",2011-09-22 10:29:00
2011/09/23/HMI.m2011.09.23_10.00.00.jpg,0.8070338368415833,X1.9,"(-60, 12)",2011-09-24 09:21:00
2011/09/23/HMI.m2011.09.23_12.00.00.jpg,0.8258833885192871,X1.9,"(-60, 12)",2011-09-24 09:21:00
2011/09/23/HMI.m2011.09.23_13.00.00.jpg,0.849166214466095,X1.9,"(-60, 12)",2011-09-24 09:21:00
2011/09/23/HMI.m2011.09.23_14.00.00.jpg,0.8320016860961914,X1.9,"(-60, 12)",2011-09-24 09:21:00
2011/09/23/HMI.m2011.09.23_15.00.00.jpg,0.8455828428268433,X1.9,"(-60, 12)",2011-09-24 09:21:00
2011/09/23/HMI.m2011.09.23_16.00.00.jpg,0.8857259750366211,X1.9,"(-60, 12)",2011-09-24 09:21:00
2011/09/23/HMI.m2011.09.23_17.00.00.jpg,0.8912619948387146,X1.9,"(-60, 12)",2011-09-24 09:21:00
2011/09/23/HMI.m2011.09.23_18.00.00.jpg,0.852020263671875,X1.9,"(-60, 12)",2011-09-24 09:21:00
2011/09/23/HMI.m2011.09.23_19.00.00.jpg,0.8563178777694702,X1.9,"(-60, 12)",2011-09-24 09:21:00
2011/09/23/HMI.m2011.09.23_21.00.00.jpg,0.8790253400802612,X1.9,"(-60, 12)",2011-09-24 09:21:00
2011/09/23/HMI.m2011.09.23_22.00.00.jpg,0.8627901077270508,X1.9,"(-60, 12)",2011-09-24 09:21:00
2011/09/23/HMI.m2011.09.23_23.00.00.jpg,0.8379189968109131,X1.9,"(-60, 12)",2011-09-24 09:21:00
2011/09/24/HMI.m2011.09.24_00.00.00.jpg,0.8577388525009155,X1.9,"(-60, 12)",2011-09-24 09:21:00
2011/09/24/HMI.m2011.09.24_01.00.00.jpg,0.8885670900344849,X1.9,"(-60, 12)",2011-09-24 09:21:00
2011/09/24/HMI.m2011.09.24_02.00.00.jpg,0.8793125152587891,X1.9,"(-60, 12)",2011-09-24 09:21:00
2011/09/24/HMI.m2011.09.24_03.00.00.jpg,0.8440516591072083,X1.9,"(-60, 12)",2011-09-24 09:21:00
2011/09/24/HMI.m2011.09.24_04.00.00.jpg,0.8471989035606384,X1.9,"(-60, 12)",2011-09-24 09:21:00
2011/09/24/HMI.m2011.09.24_05.00.00.jpg,0.9002754092216492,X1.9,"(-60, 12)",2011-09-24 09:21:00
2011/09/24/HMI.m2011.09.24_06.00.00.jpg,0.878433883190155,X1.9,"(-60, 12)",2011-09-24 09:21:00
2011/09/24/HMI.m2011.09.24_08.00.00.jpg,0.9024101495742798,X1.9,"(-60, 12)",2011-09-24 09:21:00
2011/09/24/HMI.m2011.09.24_09.00.00.jpg,0.8849766850471497,X1.9,"(-60, 12)",2011-09-24 09:21:00
2012/07/06/HMI.m2012.07.06_00.00.00.jpg,0.9291192293167114,X1.1,"(49.497108156306524, -18)",2012-07-06 23:01:00
2012/07/06/HMI.m2012.07.06_01.00.00.jpg,0.9463624954223632,X1.1,"(49.497108156306524, -18)",2012-07-06 23:01:00
2012/07/06/HMI.m2012.07.06_02.00.00.jpg,0.921324908733368,X1.1,"(49.497108156306524, -18)",2012-07-06 23:01:00
2012/07/06/HMI.m2012.07.06_03.00.00.jpg,0.9172613024711608,X1.1,"(49.497108156306524, -18)",2012-07-06 23:01:00
2012/07/06/HMI.m2012.07.06_04.00.00.jpg,0.9279167652130128,X1.1,"(49.497108156306524, -18)",2012-07-06 23:01:00
2012/07/06/HMI.m2012.07.06_05.00.00.jpg,0.923896312713623,X1.1,"(49.497108156306524, -18)",2012-07-06 23:01:00
2012/07/06/HMI.m2012.07.06_06.00.00.jpg,0.941184401512146,X1.1,"(49.497108156306524, -18)",2012-07-06 23:01:00
2012/07/06/HMI.m2012.07.06_07.00.00.jpg,0.941950798034668,X1.1,"(49.497108156306524, -18)",2012-07-06 23:01:00
2012/07/06/HMI.m2012.07.06_08.00.00.jpg,0.9370340704917908,X1.1,"(49.497108156306524, -18)",2012-07-06 23:01:00
2012/07/06/HMI.m2012.07.06_09.00.00.jpg,0.950693666934967,X1.1,"(49.497108156306524, -18)",2012-07-06 23:01:00
2012/07/06/HMI.m2012.07.06_10.00.00.jpg,0.9423746466636658,X1.1,"(49.497108156306524, -18)",2012-07-06 23:01:00
2012/07/06/HMI.m2012.07.06_11.00.00.jpg,0.9305246472358704,X1.1,"(49.497108156306524, -18)",2012-07-06 23:01:00
2012/07/06/HMI.m2012.07.06_12.00.00.jpg,0.9621418714523317,X1.1,"(49.497108156306524, -18)",2012-07-06 23:01:00
2012/07/06/HMI.m2012.07.06_13.00.00.jpg,0.9465129375457764,X1.1,"(49.497108156306524, -18)",2012-07-06 23:01:00
2012/07/06/HMI.m2012.07.06_15.00.00.jpg,0.9289059638977052,X1.1,"(49.497108156306524, -18)",2012-07-06 23:01:00
2012/07/06/HMI.m2012.07.06_16.00.00.jpg,0.9426684975624084,X1.1,"(49.497108156306524, -18)",2012-07-06 23:01:00
2012/07/06/HMI.m2012.07.06_17.00.00.jpg,0.9356802105903624,X1.1,"(49.497108156306524, -18)",2012-07-06 23:01:00
2012/07/06/HMI.m2012.07.06_20.00.00.jpg,0.9314594268798828,X1.1,"(49.497108156306524, -18)",2012-07-06 23:01:00
2012/07/06/HMI.m2012.07.06_21.00.00.jpg,0.9417237043380736,X1.1,"(49.497108156306524, -18)",2012-07-06 23:01:00
2012/07/06/HMI.m2012.07.06_22.00.00.jpg,0.9532102942466736,X1.1,"(49.497108156306524, -18)",2012-07-06 23:01:00
2012/07/06/HMI.m2012.07.06_23.00.00.jpg,0.9640315175056458,X1.1,"(49.497108156306524, -18)",2012-07-06 23:01:00
2012/07/11/HMI.m2012.07.11_16.00.00.jpg,0.8805633783340454,X1.4,"(1, -15)",2012-07-12 15:37:00
2012/07/11/HMI.m2012.07.11_17.00.00.jpg,0.901194989681244,X1.4,"(1, -15)",2012-07-12 15:37:00
2012/07/11/HMI.m2012.07.11_18.00.00.jpg,0.861118495464325,X1.4,"(1, -15)",2012-07-12 15:37:00
2012/07/11/HMI.m2012.07.11_19.00.00.jpg,0.8361068964004517,X1.4,"(1, -15)",2012-07-12 15:37:00
2012/07/11/HMI.m2012.07.11_20.00.00.jpg,0.8664625883102417,X1.4,"(1, -15)",2012-07-12 15:37:00
2012/07/11/HMI.m2012.07.11_21.00.00.jpg,0.795851469039917,X1.4,"(1, -15)",2012-07-12 15:37:00
2012/07/11/HMI.m2012.07.11_22.00.00.jpg,0.8394612669944763,X1.4,"(1, -15)",2012-07-12 15:37:00
2012/07/11/HMI.m2012.07.11_23.00.00.jpg,0.7878147959709167,X1.4,"(1, -15)",2012-07-12 15:37:00
2012/07/12/HMI.m2012.07.12_00.00.00.jpg,0.8573030829429626,X1.4,"(1, -15)",2012-07-12 15:37:00
2012/07/12/HMI.m2012.07.12_01.00.00.jpg,0.8708945512771606,X1.4,"(1, -15)",2012-07-12 15:37:00
2012/07/12/HMI.m2012.07.12_02.00.00.jpg,0.8638697266578674,X1.4,"(1, -15)",2012-07-12 15:37:00
2012/07/12/HMI.m2012.07.12_03.00.00.jpg,0.8279356360435486,X1.4,"(1, -15)",2012-07-12 15:37:00
2012/07/12/HMI.m2012.07.12_04.00.00.jpg,0.8480759859085083,X1.4,"(1, -15)",2012-07-12 15:37:00
2012/07/12/HMI.m2012.07.12_05.00.00.jpg,0.8855400085449219,X1.4,"(1, -15)",2012-07-12 15:37:00
2012/07/12/HMI.m2012.07.12_06.00.00.jpg,0.8376169204711914,X1.4,"(1, -15)",2012-07-12 15:37:00
2012/07/12/HMI.m2012.07.12_07.00.00.jpg,0.8379766345024109,X1.4,"(1, -15)",2012-07-12 15:37:00
2012/07/12/HMI.m2012.07.12_08.00.00.jpg,0.7497386932373047,X1.4,"(1, -15)",2012-07-12 15:37:00
2012/07/12/HMI.m2012.07.12_09.00.00.jpg,0.8621805310249329,X1.4,"(1, -15)",2012-07-12 15:37:00
2012/07/12/HMI.m2012.07.12_10.00.00.jpg,0.9072281718254088,X1.4,"(1, -15)",2012-07-12 15:37:00
2012/07/12/HMI.m2012.07.12_11.00.00.jpg,0.8365192413330078,X1.4,"(1, -15)",2012-07-12 15:37:00
2012/07/12/HMI.m2012.07.12_12.00.00.jpg,0.8454757928848267,X1.4,"(1, -15)",2012-07-12 15:37:00
2012/07/12/HMI.m2012.07.12_13.00.00.jpg,0.8450844883918762,X1.4,"(1, -15)",2012-07-12 15:37:00
2012/07/12/HMI.m2012.07.12_14.00.00.jpg,0.8813421726226807,X1.4,"(1, -15)",2012-07-12 15:37:00
2012/07/12/HMI.m2012.07.12_15.00.00.jpg,0.8309593796730042,X1.4,"(1, -15)",2012-07-12 15:37:00
2014/09/09/HMI.m2014.09.09_18.00.00.jpg,0.9262015223503112,X1.6,"(-2, 14)",2014-09-10 17:21:00
2014/09/09/HMI.m2014.09.09_19.00.00.jpg,0.9291868805885316,X1.6,"(-2, 14)",2014-09-10 17:21:00
2014/09/09/HMI.m2014.09.09_20.00.00.jpg,0.9140467047691344,X1.6,"(-2, 14)",2014-09-10 17:21:00
2014/09/09/HMI.m2014.09.09_21.00.00.jpg,0.9003787040710449,X1.6,"(-2, 14)",2014-09-10 17:21:00
2014/09/09/HMI.m2014.09.09_22.00.00.jpg,0.90578430891037,X1.6,"(-2, 14)",2014-09-10 17:21:00
2014/09/09/HMI.m2014.09.09_23.00.00.jpg,0.9559813141822816,X1.6,"(-2, 14)",2014-09-10 17:21:00
2014/09/10/HMI.m2014.09.10_00.00.00.jpg,0.9398272037506104,X1.6,"(-2, 14)",2014-09-10 17:21:00
2014/09/10/HMI.m2014.09.10_03.00.00.jpg,0.9571074843406676,X1.6,"(-2, 14)",2014-09-10 17:21:00
2014/09/10/HMI.m2014.09.10_04.00.00.jpg,0.9324600100517272,X1.6,"(-2, 14)",2014-09-10 17:21:00
2014/09/10/HMI.m2014.09.10_05.00.00.jpg,0.9546002745628356,X1.6,"(-2, 14)",2014-09-10 17:21:00
2014/09/10/HMI.m2014.09.10_06.00.00.jpg,0.924429416656494,X1.6,"(-2, 14)",2014-09-10 17:21:00
2014/09/10/HMI.m2014.09.10_08.00.00.jpg,0.9762000441551208,X1.6,"(-2, 14)",2014-09-10 17:21:00
2014/09/10/HMI.m2014.09.10_09.00.00.jpg,0.9502078890800476,X1.6,"(-2, 14)",2014-09-10 17:21:00
2014/09/10/HMI.m2014.09.10_10.00.00.jpg,0.9616969227790833,X1.6,"(-2, 14)",2014-09-10 17:21:00
2014/09/10/HMI.m2014.09.10_11.00.00.jpg,0.9610192179679872,X1.6,"(-2, 14)",2014-09-10 17:21:00
2014/09/10/HMI.m2014.09.10_12.00.00.jpg,0.960517644882202,X1.6,"(-2, 14)",2014-09-10 17:21:00
2014/09/10/HMI.m2014.09.10_13.00.00.jpg,0.929772973060608,X1.6,"(-2, 14)",2014-09-10 17:21:00
2014/09/10/HMI.m2014.09.10_14.00.00.jpg,0.9436139464378356,X1.6,"(-2, 14)",2014-09-10 17:21:00
2014/09/10/HMI.m2014.09.10_15.00.00.jpg,0.9617071747779846,X1.6,"(-2, 14)",2014-09-10 17:21:00
2014/09/10/HMI.m2014.09.10_16.00.00.jpg,0.9619880318641664,X1.6,"(-2, 14)",2014-09-10 17:21:00
2014/09/10/HMI.m2014.09.10_17.00.00.jpg,0.9459657669067384,X1.6,"(-2, 14)",2014-09-10 17:21:00
2017/09/05/HMI.m2017.09.05_09.00.00.jpg,0.919839084148407,X2.2,"(33, -7)",2017-09-06 08:57:00
2017/09/05/HMI.m2017.09.05_10.00.00.jpg,0.9323517084121704,X2.2,"(33, -7)",2017-09-06 08:57:00
2017/09/05/HMI.m2017.09.05_11.00.00.jpg,0.9101852774620056,X2.2,"(33, -7)",2017-09-06 08:57:00
2017/09/05/HMI.m2017.09.05_12.00.00.jpg,0.9095081090927124,X9.3,"(33, -8)",2017-09-06 11:53:00
2017/09/05/HMI.m2017.09.05_13.00.00.jpg,0.8713657855987549,X9.3,"(33, -8)",2017-09-06 11:53:00
2017/09/05/HMI.m2017.09.05_14.00.00.jpg,0.8860969543457031,X9.3,"(33, -8)",2017-09-06 11:53:00
2017/09/05/HMI.m2017.09.05_15.00.00.jpg,0.8783013820648193,X9.3,"(33, -8)",2017-09-06 11:53:00
2017/09/05/HMI.m2017.09.05_16.00.00.jpg,0.9155089259147644,X9.3,"(33, -8)",2017-09-06 11:53:00
2017/09/05/HMI.m2017.09.05_17.00.00.jpg,0.8583733439445496,X9.3,"(33, -8)",2017-09-06 11:53:00
2017/09/05/HMI.m2017.09.05_18.00.00.jpg,0.8603672385215759,X9.3,"(33, -8)",2017-09-06 11:53:00
2017/09/05/HMI.m2017.09.05_19.00.00.jpg,0.78490149974823,X9.3,"(33, -8)",2017-09-06 11:53:00
2017/09/05/HMI.m2017.09.05_20.00.00.jpg,0.8695287108421326,X9.3,"(33, -8)",2017-09-06 11:53:00
2017/09/05/HMI.m2017.09.05_21.00.00.jpg,0.8594843745231628,X9.3,"(33, -8)",2017-09-06 11:53:00
2017/09/05/HMI.m2017.09.05_22.00.00.jpg,0.8747303485870361,X9.3,"(33, -8)",2017-09-06 11:53:00
2017/09/05/HMI.m2017.09.05_23.00.00.jpg,0.8811859488487244,X9.3,"(33, -8)",2017-09-06 11:53:00
2017/09/06/HMI.m2017.09.06_00.00.00.jpg,0.8292009234428406,X9.3,"(33, -8)",2017-09-06 11:53:00
2017/09/06/HMI.m2017.09.06_01.00.00.jpg,0.8772615194320679,X9.3,"(33, -8)",2017-09-06 11:53:00
2017/09/06/HMI.m2017.09.06_02.00.00.jpg,0.8485100269317627,X9.3,"(33, -8)",2017-09-06 11:53:00
2017/09/06/HMI.m2017.09.06_03.00.00.jpg,0.8459661602973938,X9.3,"(33, -8)",2017-09-06 11:53:00
2017/09/06/HMI.m2017.09.06_04.00.00.jpg,0.8737099170684814,X9.3,"(33, -8)",2017-09-06 11:53:00
2017/09/06/HMI.m2017.09.06_05.00.00.jpg,0.8842164278030396,X9.3,"(33, -8)",2017-09-06 11:53:00
2017/09/06/HMI.m2017.09.06_06.00.00.jpg,0.8759223222732544,X9.3,"(33, -8)",2017-09-06 11:53:00
2017/09/06/HMI.m2017.09.06_08.00.00.jpg,0.9328985810279846,X9.3,"(33, -8)",2017-09-06 11:53:00
2017/09/06/HMI.m2017.09.06_09.00.00.jpg,0.930634379386902,X9.3,"(33, -8)",2017-09-06 11:53:00
2017/09/06/HMI.m2017.09.06_10.00.00.jpg,0.9170680642127992,X9.3,"(33, -8)",2017-09-06 11:53:00
2017/09/06/HMI.m2017.09.06_11.00.00.jpg,0.8818432688713074,X9.3,"(33, -8)",2017-09-06 11:53:00
2017/09/06/HMI.m2017.09.06_15.00.00.jpg,0.9326807260513306,X1.3,"(49, -11)",2017-09-07 14:20:00
2017/09/06/HMI.m2017.09.06_16.00.00.jpg,0.9232217669487,X1.3,"(49, -11)",2017-09-07 14:20:00
2017/09/06/HMI.m2017.09.06_17.00.00.jpg,0.947888433933258,X1.3,"(49, -11)",2017-09-07 14:20:00
2017/09/06/HMI.m2017.09.06_18.00.00.jpg,0.9498865008354188,X1.3,"(49, -11)",2017-09-07 14:20:00
2017/09/06/HMI.m2017.09.06_19.00.00.jpg,0.9460707902908324,X1.3,"(49, -11)",2017-09-07 14:20:00
2017/09/06/HMI.m2017.09.06_20.00.00.jpg,0.9481815695762634,X1.3,"(49, -11)",2017-09-07 14:20:00
2017/09/06/HMI.m2017.09.06_21.00.00.jpg,0.91855126619339,X1.3,"(49, -11)",2017-09-07 14:20:00
2017/09/06/HMI.m2017.09.06_22.00.00.jpg,0.9367220997810364,X1.3,"(49, -11)",2017-09-07 14:20:00
2017/09/06/HMI.m2017.09.06_23.00.00.jpg,0.8752059936523438,X1.3,"(49, -11)",2017-09-07 14:20:00
2017/09/07/HMI.m2017.09.07_00.00.00.jpg,0.8311185240745544,X1.3,"(49, -11)",2017-09-07 14:20:00
2017/09/07/HMI.m2017.09.07_01.00.00.jpg,0.9097422957420348,X1.3,"(49, -11)",2017-09-07 14:20:00
2017/09/07/HMI.m2017.09.07_02.00.00.jpg,0.8952504992485046,X1.3,"(49, -11)",2017-09-07 14:20:00
2017/09/07/HMI.m2017.09.07_03.00.00.jpg,0.9189085960388184,X1.3,"(49, -11)",2017-09-07 14:20:00
2017/09/07/HMI.m2017.09.07_04.00.00.jpg,0.9145017862319946,X1.3,"(49, -11)",2017-09-07 14:20:00
2017/09/07/HMI.m2017.09.07_05.00.00.jpg,0.8805133104324341,X1.3,"(49, -11)",2017-09-07 14:20:00
2017/09/07/HMI.m2017.09.07_06.00.00.jpg,0.9215521216392516,X1.3,"(49, -11)",2017-09-07 14:20:00
2017/09/07/HMI.m2017.09.07_08.00.00.jpg,0.8751501441001892,X1.3,"(49, -11)",2017-09-07 14:20:00
2017/09/07/HMI.m2017.09.07_09.00.00.jpg,0.9153396487236024,X1.3,"(49, -11)",2017-09-07 14:20:00
2017/09/07/HMI.m2017.09.07_10.00.00.jpg,0.8819008469581604,X1.3,"(49, -11)",2017-09-07 14:20:00
2017/09/07/HMI.m2017.09.07_11.00.00.jpg,0.8775953054428101,X1.3,"(49, -11)",2017-09-07 14:20:00
2017/09/07/HMI.m2017.09.07_12.00.00.jpg,0.9221492409706116,X1.3,"(49, -11)",2017-09-07 14:20:00
2017/09/07/HMI.m2017.09.07_13.00.00.jpg,0.9169692397117616,X1.3,"(49, -11)",2017-09-07 14:20:00
2017/09/07/HMI.m2017.09.07_14.00.00.jpg,0.9301900267601012,X1.3,"(49, -11)",2017-09-07 14:20:00
2017/09/09/HMI.m2017.09.09_16.00.00.jpg,0.2176368832588195,X8.2,"(90, -9)",2017-09-10 15:35:00
2017/09/09/HMI.m2017.09.09_17.00.00.jpg,0.2358736544847488,X8.2,"(90, -9)",2017-09-10 15:35:00
2017/09/09/HMI.m2017.09.09_18.00.00.jpg,0.2087903320789337,X8.2,"(90, -9)",2017-09-10 15:35:00
2017/09/09/HMI.m2017.09.09_19.00.00.jpg,0.2324852496385574,X8.2,"(90, -9)",2017-09-10 15:35:00
2017/09/09/HMI.m2017.09.09_20.00.00.jpg,0.2254909873008728,X8.2,"(90, -9)",2017-09-10 15:35:00
2017/09/09/HMI.m2017.09.09_21.00.00.jpg,0.1603666841983795,X8.2,"(90, -9)",2017-09-10 15:35:00
2017/09/09/HMI.m2017.09.09_22.00.00.jpg,0.1077925562858581,X8.2,"(90, -9)",2017-09-10 15:35:00
2017/09/09/HMI.m2017.09.09_23.00.00.jpg,0.0932053998112678,X8.2,"(90, -9)",2017-09-10 15:35:00
2017/09/10/HMI.m2017.09.10_00.00.00.jpg,0.096097745001316,X8.2,"(90, -9)",2017-09-10 15:35:00
2017/09/10/HMI.m2017.09.10_01.00.00.jpg,0.1081255227327346,X8.2,"(90, -9)",2017-09-10 15:35:00
2017/09/10/HMI.m2017.09.10_02.00.00.jpg,0.0793387591838836,X8.2,"(90, -9)",2017-09-10 15:35:00
2017/09/10/HMI.m2017.09.10_03.00.00.jpg,0.0768109485507011,X8.2,"(90, -9)",2017-09-10 15:35:00
2017/09/10/HMI.m2017.09.10_04.00.00.jpg,0.0938047170639038,X8.2,"(90, -9)",2017-09-10 15:35:00
2017/09/10/HMI.m2017.09.10_05.00.00.jpg,0.0769531950354576,X8.2,"(90, -9)",2017-09-10 15:35:00
2017/09/10/HMI.m2017.09.10_06.00.00.jpg,0.0585065260529518,X8.2,"(90, -9)",2017-09-10 15:35:00
2017/09/10/HMI.m2017.09.10_07.00.00.jpg,0.0613921619951725,X8.2,"(90, -9)",2017-09-10 15:35:00
2017/09/10/HMI.m2017.09.10_08.00.00.jpg,0.0642084553837776,X8.2,"(90, -9)",2017-09-10 15:35:00
2017/09/10/HMI.m2017.09.10_09.00.00.jpg,0.0714660435914993,X8.2,"(90, -9)",2017-09-10 15:35:00
2017/09/10/HMI.m2017.09.10_10.00.00.jpg,0.0918775051832199,X8.2,"(90, -9)",2017-09-10 15:35:00
2017/09/10/HMI.m2017.09.10_11.00.00.jpg,0.079666644334793,X8.2,"(90, -9)",2017-09-10 15:35:00
2017/09/10/HMI.m2017.09.10_12.00.00.jpg,0.0746036618947982,X8.2,"(90, -9)",2017-09-10 15:35:00
2017/09/10/HMI.m2017.09.10_13.00.00.jpg,0.0808408856391906,X8.2,"(90, -9)",2017-09-10 15:35:00
2017/09/10/HMI.m2017.09.10_14.00.00.jpg,0.0778752341866493,X8.2,"(90, -9)",2017-09-10 15:35:00
2017/09/10/HMI.m2017.09.10_15.00.00.jpg,0.0959455966949462,X8.2,"(90, -9)",2017-09-10 15:35:00
2011/11/02/HMI.m2011.11.02_21.00.00.jpg,0.9582344889640808,X1.9,"(-63, 22)",2011-11-03 20:16:00
2011/11/02/HMI.m2011.11.02_22.00.00.jpg,0.9469012022018432,X1.9,"(-63, 22)",2011-11-03 20:16:00
2011/11/02/HMI.m2011.11.02_23.00.00.jpg,0.9387071132659912,X1.9,"(-63, 22)",2011-11-03 20:16:00
2011/11/03/HMI.m2011.11.03_00.00.00.jpg,0.944347321987152,X1.9,"(-63, 22)",2011-11-03 20:16:00
2011/11/03/HMI.m2011.11.03_01.00.00.jpg,0.9522294402122498,X1.9,"(-63, 22)",2011-11-03 20:16:00
2011/11/03/HMI.m2011.11.03_02.00.00.jpg,0.9513983726501464,X1.9,"(-63, 22)",2011-11-03 20:16:00
2011/11/03/HMI.m2011.11.03_03.00.00.jpg,0.9435074925422668,X1.9,"(-63, 22)",2011-11-03 20:16:00
2011/11/03/HMI.m2011.11.03_04.00.00.jpg,0.9561471939086914,X1.9,"(-63, 22)",2011-11-03 20:16:00
2011/11/03/HMI.m2011.11.03_05.00.00.jpg,0.9437896609306335,X1.9,"(-63, 22)",2011-11-03 20:16:00
2011/11/03/HMI.m2011.11.03_06.00.00.jpg,0.9207779169082642,X1.9,"(-63, 22)",2011-11-03 20:16:00
2011/11/03/HMI.m2011.11.03_07.00.00.jpg,0.912003755569458,X1.9,"(-63, 22)",2011-11-03 20:16:00
2011/11/03/HMI.m2011.11.03_08.00.00.jpg,0.9262225031852722,X1.9,"(-63, 22)",2011-11-03 20:16:00
2011/11/03/HMI.m2011.11.03_09.00.00.jpg,0.9440532326698304,X1.9,"(-63, 22)",2011-11-03 20:16:00
2011/11/03/HMI.m2011.11.03_10.00.00.jpg,0.9391507506370544,X1.9,"(-63, 22)",2011-11-03 20:16:00
2011/11/03/HMI.m2011.11.03_11.00.00.jpg,0.9390379190444946,X1.9,"(-63, 22)",2011-11-03 20:16:00
2011/11/03/HMI.m2011.11.03_12.00.00.jpg,0.94834303855896,X1.9,"(-63, 22)",2011-11-03 20:16:00
2011/11/03/HMI.m2011.11.03_13.00.00.jpg,0.9570564031600952,X1.9,"(-63, 22)",2011-11-03 20:16:00
2011/11/03/HMI.m2011.11.03_14.00.00.jpg,0.9350472688674928,X1.9,"(-63, 22)",2011-11-03 20:16:00
2011/11/03/HMI.m2011.11.03_15.00.00.jpg,0.9486491084098816,X1.9,"(-63, 22)",2011-11-03 20:16:00
2011/11/03/HMI.m2011.11.03_16.00.00.jpg,0.9469802975654602,X1.9,"(-63, 22)",2011-11-03 20:16:00
2011/11/03/HMI.m2011.11.03_17.00.00.jpg,0.932498574256897,X1.9,"(-63, 22)",2011-11-03 20:16:00
2011/11/03/HMI.m2011.11.03_18.00.00.jpg,0.9317584037780762,X1.9,"(-63, 22)",2011-11-03 20:16:00
2011/11/03/HMI.m2011.11.03_19.00.00.jpg,0.8997307419776917,X1.9,"(-63, 22)",2011-11-03 20:16:00
2011/11/03/HMI.m2011.11.03_20.00.00.jpg,0.8672864437103271,X1.9,"(-63, 22)",2011-11-03 20:16:00
2012/10/22/HMI.m2012.10.22_04.00.00.jpg,0.7355200052261353,X1.8,"(-54.076978753903276, -10)",2012-10-23 03:13:00
2012/10/22/HMI.m2012.10.22_05.00.00.jpg,0.6898242831230164,X1.8,"(-54.076978753903276, -10)",2012-10-23 03:13:00
2012/10/22/HMI.m2012.10.22_06.00.00.jpg,0.7063037157058716,X1.8,"(-54.076978753903276, -10)",2012-10-23 03:13:00
2012/10/22/HMI.m2012.10.22_07.00.00.jpg,0.689079999923706,X1.8,"(-54.076978753903276, -10)",2012-10-23 03:13:00
2012/10/22/HMI.m2012.10.22_08.00.00.jpg,0.6984040141105652,X1.8,"(-54.076978753903276, -10)",2012-10-23 03:13:00
2012/10/22/HMI.m2012.10.22_09.00.00.jpg,0.7229481935501099,X1.8,"(-54.076978753903276, -10)",2012-10-23 03:13:00
2012/10/22/HMI.m2012.10.22_10.00.00.jpg,0.6654706001281738,X1.8,"(-54.076978753903276, -10)",2012-10-23 03:13:00
2012/10/22/HMI.m2012.10.22_11.00.00.jpg,0.7570212483406067,X1.8,"(-54.076978753903276, -10)",2012-10-23 03:13:00
2012/10/22/HMI.m2012.10.22_12.00.00.jpg,0.7316053509712219,X1.8,"(-54.076978753903276, -10)",2012-10-23 03:13:00
2012/10/22/HMI.m2012.10.22_13.00.00.jpg,0.6127718091011047,X1.8,"(-54.076978753903276, -10)",2012-10-23 03:13:00
2012/10/22/HMI.m2012.10.22_14.00.00.jpg,0.6473762392997742,X1.8,"(-54.076978753903276, -10)",2012-10-23 03:13:00
2012/10/22/HMI.m2012.10.22_15.00.00.jpg,0.6337129473686218,X1.8,"(-54.076978753903276, -10)",2012-10-23 03:13:00
2012/10/22/HMI.m2012.10.22_16.00.00.jpg,0.7190951108932495,X1.8,"(-54.076978753903276, -10)",2012-10-23 03:13:00
2012/10/22/HMI.m2012.10.22_17.00.00.jpg,0.5991986393928528,X1.8,"(-54.076978753903276, -10)",2012-10-23 03:13:00
2012/10/22/HMI.m2012.10.22_18.00.00.jpg,0.6666911244392395,X1.8,"(-54.076978753903276, -10)",2012-10-23 03:13:00
2012/10/22/HMI.m2012.10.22_19.00.00.jpg,0.670265257358551,X1.8,"(-54.076978753903276, -10)",2012-10-23 03:13:00
2012/10/22/HMI.m2012.10.22_20.00.00.jpg,0.6899275183677673,X1.8,"(-54.076978753903276, -10)",2012-10-23 03:13:00
2012/10/22/HMI.m2012.10.22_21.00.00.jpg,0.6346218585968018,X1.8,"(-54.076978753903276, -10)",2012-10-23 03:13:00
2012/10/22/HMI.m2012.10.22_22.00.00.jpg,0.6204954981803894,X1.8,"(-54.076978753903276, -10)",2012-10-23 03:13:00
2012/10/22/HMI.m2012.10.22_23.00.00.jpg,0.6699336767196655,X1.8,"(-54.076978753903276, -10)",2012-10-23 03:13:00
2012/10/23/HMI.m2012.10.23_00.00.00.jpg,0.6895538568496704,X1.8,"(-54.076978753903276, -10)",2012-10-23 03:13:00
2012/10/23/HMI.m2012.10.23_01.00.00.jpg,0.7073883414268494,X1.8,"(-54.076978753903276, -10)",2012-10-23 03:13:00
2012/10/23/HMI.m2012.10.23_02.00.00.jpg,0.7109020948410034,X1.8,"(-54.076978753903276, -10)",2012-10-23 03:13:00
2012/10/23/HMI.m2012.10.23_03.00.00.jpg,0.8070855736732483,X1.8,"(-54.076978753903276, -10)",2012-10-23 03:13:00
2013/10/24/HMI.m2013.10.24_08.00.00.jpg,0.9448506236076356,X1.7,"(-68.2981612654861, -8)",2013-10-25 07:53:00
2013/10/24/HMI.m2013.10.24_09.00.00.jpg,0.9651871919631958,X1.7,"(-68.2981612654861, -8)",2013-10-25 07:53:00
2013/10/24/HMI.m2013.10.24_10.00.00.jpg,0.9226495623588562,X1.7,"(-68.2981612654861, -8)",2013-10-25 07:53:00
2013/10/24/HMI.m2013.10.24_11.00.00.jpg,0.9491358399391174,X1.7,"(-68.2981612654861, -8)",2013-10-25 07:53:00
2013/10/24/HMI.m2013.10.24_12.00.00.jpg,0.9501293897628784,X1.7,"(-68.2981612654861, -8)",2013-10-25 07:53:00
2013/10/24/HMI.m2013.10.24_13.00.00.jpg,0.9625856876373292,X1.7,"(-68.2981612654861, -8)",2013-10-25 07:53:00
2013/10/24/HMI.m2013.10.24_16.00.00.jpg,0.980064332485199,X2.1,"(-64.24924615474836, -8)",2013-10-25 14:51:00
2013/10/24/HMI.m2013.10.24_20.00.00.jpg,0.9758763909339904,X2.1,"(-64.24924615474836, -8)",2013-10-25 14:51:00
2013/10/24/HMI.m2013.10.24_21.00.00.jpg,0.9807671308517456,X2.1,"(-64.24924615474836, -8)",2013-10-25 14:51:00
2013/10/24/HMI.m2013.10.24_22.00.00.jpg,0.9751021862030028,X2.1,"(-64.24924615474836, -8)",2013-10-25 14:51:00
2013/10/24/HMI.m2013.10.24_23.00.00.jpg,0.969245672225952,X2.1,"(-64.24924615474836, -8)",2013-10-25 14:51:00
2013/10/25/HMI.m2013.10.25_00.00.00.jpg,0.9712024927139282,X2.1,"(-64.24924615474836, -8)",2013-10-25 14:51:00
2013/10/25/HMI.m2013.10.25_01.00.00.jpg,0.9651713371276855,X2.1,"(-64.24924615474836, -8)",2013-10-25 14:51:00
2013/10/25/HMI.m2013.10.25_02.00.00.jpg,0.959520936012268,X2.1,"(-64.24924615474836, -8)",2013-10-25 14:51:00
2013/10/25/HMI.m2013.10.25_03.00.00.jpg,0.963043749332428,X2.1,"(-64.24924615474836, -8)",2013-10-25 14:51:00
2013/10/25/HMI.m2013.10.25_04.00.00.jpg,0.9583438634872437,X2.1,"(-64.24924615474836, -8)",2013-10-25 14:51:00
2013/10/25/HMI.m2013.10.25_05.00.00.jpg,0.9551233649253844,X2.1,"(-64.24924615474836, -8)",2013-10-25 14:51:00
2013/10/25/HMI.m2013.10.25_06.00.00.jpg,0.9261343479156494,X2.1,"(-64.24924615474836, -8)",2013-10-25 14:51:00
2013/10/25/HMI.m2013.10.25_07.00.00.jpg,0.9477742910385132,X2.1,"(-64.24924615474836, -8)",2013-10-25 14:51:00
2013/10/25/HMI.m2013.10.25_08.00.00.jpg,0.9326754808425904,X2.1,"(-64.24924615474836, -8)",2013-10-25 14:51:00
2013/10/25/HMI.m2013.10.25_09.00.00.jpg,0.9623770713806152,X2.1,"(-64.24924615474836, -8)",2013-10-25 14:51:00
2013/10/25/HMI.m2013.10.25_10.00.00.jpg,0.954458713531494,X2.1,"(-64.24924615474836, -8)",2013-10-25 14:51:00
2013/10/25/HMI.m2013.10.25_11.00.00.jpg,0.963344156742096,X2.1,"(-64.24924615474836, -8)",2013-10-25 14:51:00
2013/10/25/HMI.m2013.10.25_12.00.00.jpg,0.9700965285301208,X2.1,"(-64.24924615474836, -8)",2013-10-25 14:51:00
2013/10/25/HMI.m2013.10.25_13.00.00.jpg,0.9720848202705384,X2.1,"(-64.24924615474836, -8)",2013-10-25 14:51:00
2013/10/25/HMI.m2013.10.25_14.00.00.jpg,0.9735730290412904,X2.1,"(-64.24924615474836, -8)",2013-10-25 14:51:00
2013/10/27/HMI.m2013.10.27_02.00.00.jpg,0.969597101211548,X1.0,"(66, 4)",2013-10-28 01:41:00
2013/10/27/HMI.m2013.10.27_03.00.00.jpg,0.9752100706100464,X1.0,"(66, 4)",2013-10-28 01:41:00
2013/10/27/HMI.m2013.10.27_04.00.00.jpg,0.9706674218177797,X1.0,"(66, 4)",2013-10-28 01:41:00
2013/10/27/HMI.m2013.10.27_05.00.00.jpg,0.976414144039154,X1.0,"(66, 4)",2013-10-28 01:41:00
2013/10/27/HMI.m2013.10.27_06.00.00.jpg,0.969245433807373,X1.0,"(66, 4)",2013-10-28 01:41:00
2013/10/27/HMI.m2013.10.27_07.00.00.jpg,0.9677284359931946,X1.0,"(66, 4)",2013-10-28 01:41:00
2013/10/27/HMI.m2013.10.27_08.00.00.jpg,0.9665580987930298,X1.0,"(66, 4)",2013-10-28 01:41:00
2013/10/27/HMI.m2013.10.27_09.00.00.jpg,0.9601856470108032,X1.0,"(66, 4)",2013-10-28 01:41:00
2013/10/27/HMI.m2013.10.27_10.00.00.jpg,0.9732168912887572,X1.0,"(66, 4)",2013-10-28 01:41:00
2013/10/27/HMI.m2013.10.27_11.00.00.jpg,0.9714561104774476,X1.0,"(66, 4)",2013-10-28 01:41:00
2013/10/27/HMI.m2013.10.27_12.00.00.jpg,0.965996026992798,X1.0,"(66, 4)",2013-10-28 01:41:00
2013/10/27/HMI.m2013.10.27_13.00.00.jpg,0.9788676500320436,X1.0,"(66, 4)",2013-10-28 01:41:00
2013/10/27/HMI.m2013.10.27_14.00.00.jpg,0.982533872127533,X1.0,"(66, 4)",2013-10-28 01:41:00
2013/10/27/HMI.m2013.10.27_15.00.00.jpg,0.975716769695282,X1.0,"(66, 4)",2013-10-28 01:41:00
2013/10/27/HMI.m2013.10.27_16.00.00.jpg,0.9764837622642516,X1.0,"(66, 4)",2013-10-28 01:41:00
2013/10/27/HMI.m2013.10.27_17.00.00.jpg,0.9797239303588868,X1.0,"(66, 4)",2013-10-28 01:41:00
2013/10/27/HMI.m2013.10.27_18.00.00.jpg,0.9692654013633728,X1.0,"(66, 4)",2013-10-28 01:41:00
2013/10/27/HMI.m2013.10.27_19.00.00.jpg,0.9746776223182678,X1.0,"(66, 4)",2013-10-28 01:41:00
2013/10/27/HMI.m2013.10.27_20.00.00.jpg,0.9744184613227844,X1.0,"(66, 4)",2013-10-28 01:41:00
2013/10/27/HMI.m2013.10.27_21.00.00.jpg,0.9654089212417604,X1.0,"(66, 4)",2013-10-28 01:41:00
2013/10/27/HMI.m2013.10.27_22.00.00.jpg,0.9731783866882324,X1.0,"(66, 4)",2013-10-28 01:41:00
2013/10/27/HMI.m2013.10.27_23.00.00.jpg,0.982548177242279,X1.0,"(66, 4)",2013-10-28 01:41:00
2013/10/28/HMI.m2013.10.28_00.00.00.jpg,0.9846537709236144,X1.0,"(66, 4)",2013-10-28 01:41:00
2013/10/28/HMI.m2013.10.28_01.00.00.jpg,0.986061990261078,X1.0,"(66, 4)",2013-10-28 01:41:00
2013/10/29/HMI.m2013.10.29_00.00.00.jpg,0.9723198413848876,X2.3,"(90, 6)",2013-10-29 21:42:00
2013/10/29/HMI.m2013.10.29_01.00.00.jpg,0.969946563243866,X2.3,"(90, 6)",2013-10-29 21:42:00
2013/10/29/HMI.m2013.10.29_02.00.00.jpg,0.9588389992713928,X2.3,"(90, 6)",2013-10-29 21:42:00
2013/10/29/HMI.m2013.10.29_03.00.00.jpg,0.9345914721488952,X2.3,"(90, 6)",2013-10-29 21:42:00
2013/10/29/HMI.m2013.10.29_04.00.00.jpg,0.959587037563324,X2.3,"(90, 6)",2013-10-29 21:42:00
2013/10/29/HMI.m2013.10.29_05.00.00.jpg,0.9540322422981262,X2.3,"(90, 6)",2013-10-29 21:42:00
2013/10/29/HMI.m2013.10.29_06.00.00.jpg,0.9413573145866394,X2.3,"(90, 6)",2013-10-29 21:42:00
2013/10/29/HMI.m2013.10.29_07.00.00.jpg,0.944617748260498,X2.3,"(90, 6)",2013-10-29 21:42:00
2013/10/29/HMI.m2013.10.29_08.00.00.jpg,0.938487946987152,X2.3,"(90, 6)",2013-10-29 21:42:00
2013/10/29/HMI.m2013.10.29_09.00.00.jpg,0.9243653416633606,X2.3,"(90, 6)",2013-10-29 21:42:00
2013/10/29/HMI.m2013.10.29_10.00.00.jpg,0.943760633468628,X2.3,"(90, 6)",2013-10-29 21:42:00
2013/11/04/HMI.m2013.11.04_23.00.00.jpg,0.8657106161117554,X3.3,"(-46, -12)",2013-11-05 22:07:00
2013/11/05/HMI.m2013.11.05_00.00.00.jpg,0.8625801205635071,X3.3,"(-46, -12)",2013-11-05 22:07:00
2013/11/05/HMI.m2013.11.05_01.00.00.jpg,0.8646320104598999,X3.3,"(-46, -12)",2013-11-05 22:07:00
2013/11/05/HMI.m2013.11.05_02.00.00.jpg,0.7914674878120422,X3.3,"(-46, -12)",2013-11-05 22:07:00
2013/11/05/HMI.m2013.11.05_03.00.00.jpg,0.8355924487113953,X3.3,"(-46, -12)",2013-11-05 22:07:00
2013/11/05/HMI.m2013.11.05_04.00.00.jpg,0.8639128804206848,X3.3,"(-46, -12)",2013-11-05 22:07:00
2013/11/05/HMI.m2013.11.05_05.00.00.jpg,0.8918290138244629,X3.3,"(-46, -12)",2013-11-05 22:07:00
2013/11/05/HMI.m2013.11.05_06.00.00.jpg,0.9252548813819884,X3.3,"(-46, -12)",2013-11-05 22:07:00
2013/11/05/HMI.m2013.11.05_07.00.00.jpg,0.8730513453483582,X3.3,"(-46, -12)",2013-11-05 22:07:00
2013/11/05/HMI.m2013.11.05_08.00.00.jpg,0.8503921031951904,X3.3,"(-46, -12)",2013-11-05 22:07:00
2013/11/05/HMI.m2013.11.05_09.00.00.jpg,0.840617299079895,X3.3,"(-46, -12)",2013-11-05 22:07:00
2013/11/05/HMI.m2013.11.05_10.00.00.jpg,0.8532028198242188,X3.3,"(-46, -12)",2013-11-05 22:07:00
2013/11/05/HMI.m2013.11.05_11.00.00.jpg,0.8965868353843689,X3.3,"(-46, -12)",2013-11-05 22:07:00
2013/11/05/HMI.m2013.11.05_12.00.00.jpg,0.928297519683838,X3.3,"(-46, -12)",2013-11-05 22:07:00
2013/11/05/HMI.m2013.11.05_13.00.00.jpg,0.8996462821960449,X3.3,"(-46, -12)",2013-11-05 22:07:00
2013/11/05/HMI.m2013.11.05_14.00.00.jpg,0.8966698050498962,X3.3,"(-46, -12)",2013-11-05 22:07:00
2013/11/05/HMI.m2013.11.05_15.00.00.jpg,0.8801936507225037,X3.3,"(-46, -12)",2013-11-05 22:07:00
2013/11/05/HMI.m2013.11.05_16.00.00.jpg,0.8576210141181946,X3.3,"(-46, -12)",2013-11-05 22:07:00
2013/11/05/HMI.m2013.11.05_17.00.00.jpg,0.8862916827201843,X3.3,"(-46, -12)",2013-11-05 22:07:00
2013/11/05/HMI.m2013.11.05_18.00.00.jpg,0.9110091924667358,X3.3,"(-46, -12)",2013-11-05 22:07:00
2013/11/05/HMI.m2013.11.05_19.00.00.jpg,0.8405534029006958,X3.3,"(-46, -12)",2013-11-05 22:07:00
2013/11/05/HMI.m2013.11.05_20.00.00.jpg,0.8508773446083069,X3.3,"(-46, -12)",2013-11-05 22:07:00
2013/11/05/HMI.m2013.11.05_21.00.00.jpg,0.8633612394332886,X3.3,"(-46, -12)",2013-11-05 22:07:00
2013/11/05/HMI.m2013.11.05_22.00.00.jpg,0.8613235950469971,X3.3,"(-46, -12)",2013-11-05 22:07:00
2013/11/07/HMI.m2013.11.07_05.00.00.jpg,0.838023841381073,X1.1,"(-15, -14)",2013-11-08 04:20:00
2013/11/07/HMI.m2013.11.07_06.00.00.jpg,0.8394840359687805,X1.1,"(-15, -14)",2013-11-08 04:20:00
2013/11/07/HMI.m2013.11.07_07.00.00.jpg,0.7976666688919067,X1.1,"(-15, -14)",2013-11-08 04:20:00
2013/11/07/HMI.m2013.11.07_08.00.00.jpg,0.8224269151687622,X1.1,"(-15, -14)",2013-11-08 04:20:00
2013/11/07/HMI.m2013.11.07_09.00.00.jpg,0.7748458385467529,X1.1,"(-15, -14)",2013-11-08 04:20:00
2013/11/07/HMI.m2013.11.07_10.00.00.jpg,0.8106032013893127,X1.1,"(-15, -14)",2013-11-08 04:20:00
2013/11/07/HMI.m2013.11.07_11.00.00.jpg,0.7529906034469604,X1.1,"(-15, -14)",2013-11-08 04:20:00
2013/11/07/HMI.m2013.11.07_12.00.00.jpg,0.7766057252883911,X1.1,"(-15, -14)",2013-11-08 04:20:00
2013/11/07/HMI.m2013.11.07_13.00.00.jpg,0.7334476709365845,X1.1,"(-15, -14)",2013-11-08 04:20:00
2013/11/07/HMI.m2013.11.07_14.00.00.jpg,0.7956839799880981,X1.1,"(-15, -14)",2013-11-08 04:20:00
2013/11/07/HMI.m2013.11.07_15.00.00.jpg,0.7429224848747253,X1.1,"(-15, -14)",2013-11-08 04:20:00
2013/11/07/HMI.m2013.11.07_16.00.00.jpg,0.7528825402259827,X1.1,"(-15, -14)",2013-11-08 04:20:00
2013/11/07/HMI.m2013.11.07_17.00.00.jpg,0.7847716808319092,X1.1,"(-15, -14)",2013-11-08 04:20:00
2013/11/07/HMI.m2013.11.07_18.00.00.jpg,0.7725093364715576,X1.1,"(-15, -14)",2013-11-08 04:20:00
2013/11/07/HMI.m2013.11.07_19.00.00.jpg,0.7437558770179749,X1.1,"(-15, -14)",2013-11-08 04:20:00
2013/11/07/HMI.m2013.11.07_20.00.00.jpg,0.7527682781219482,X1.1,"(-15, -14)",2013-11-08 04:20:00
2013/11/07/HMI.m2013.11.07_21.00.00.jpg,0.7274552583694458,X1.1,"(-15, -14)",2013-11-08 04:20:00
2013/11/07/HMI.m2013.11.07_22.00.00.jpg,0.7320496439933777,X1.1,"(-15, -14)",2013-11-08 04:20:00
2013/11/07/HMI.m2013.11.07_23.00.00.jpg,0.7836851477622986,X1.1,"(-15, -14)",2013-11-08 04:20:00
2013/11/08/HMI.m2013.11.08_00.00.00.jpg,0.7921201586723328,X1.1,"(-15, -14)",2013-11-08 04:20:00
2013/11/08/HMI.m2013.11.08_01.00.00.jpg,0.7718920707702637,X1.1,"(-15, -14)",2013-11-08 04:20:00
2013/11/08/HMI.m2013.11.08_02.00.00.jpg,0.7727569341659546,X1.1,"(-15, -14)",2013-11-08 04:20:00
2013/11/08/HMI.m2013.11.08_03.00.00.jpg,0.8402782678604126,X1.1,"(-15, -14)",2013-11-08 04:20:00
2013/11/08/HMI.m2013.11.08_04.00.00.jpg,0.7932884693145752,X1.1,"(-15, -14)",2013-11-08 04:20:00
2013/11/09/HMI.m2013.11.09_06.00.00.jpg,0.6376670598983765,X1.1,"(13, -14)",2013-11-10 05:08:00
2013/11/10/HMI.m2013.11.10_00.00.00.jpg,0.7032873630523682,X1.1,"(13, -14)",2013-11-10 05:08:00
2013/11/10/HMI.m2013.11.10_01.00.00.jpg,0.601336658000946,X1.1,"(13, -14)",2013-11-10 05:08:00
2013/11/10/HMI.m2013.11.10_02.00.00.jpg,0.7784059047698975,X1.1,"(13, -14)",2013-11-10 05:08:00
2013/11/10/HMI.m2013.11.10_03.00.00.jpg,0.7696296572685242,X1.1,"(13, -14)",2013-11-10 05:08:00
2013/11/10/HMI.m2013.11.10_04.00.00.jpg,0.7960982918739319,X1.1,"(13, -14)",2013-11-10 05:08:00
2013/11/10/HMI.m2013.11.10_05.00.00.jpg,0.6779658198356628,X1.1,"(13, -14)",2013-11-10 05:08:00
2013/11/18/HMI.m2013.11.18_11.00.00.jpg,0.8165991902351379,X1.0,"(72.09391758558833, -13)",2013-11-19 10:14:00
2013/11/18/HMI.m2013.11.18_12.00.00.jpg,0.827470600605011,X1.0,"(72.09391758558833, -13)",2013-11-19 10:14:00
2013/11/18/HMI.m2013.11.18_13.00.00.jpg,0.8360586762428284,X1.0,"(72.09391758558833, -13)",2013-11-19 10:14:00
2013/11/18/HMI.m2013.11.18_14.00.00.jpg,0.8307338953018188,X1.0,"(72.09391758558833, -13)",2013-11-19 10:14:00
2013/11/18/HMI.m2013.11.18_15.00.00.jpg,0.8417006134986877,X1.0,"(72.09391758558833, -13)",2013-11-19 10:14:00
2013/11/18/HMI.m2013.11.18_16.00.00.jpg,0.8224720358848572,X1.0,"(72.09391758558833, -13)",2013-11-19 10:14:00
2013/11/18/HMI.m2013.11.18_17.00.00.jpg,0.837748110294342,X1.0,"(72.09391758558833, -13)",2013-11-19 10:14:00
2013/11/18/HMI.m2013.11.18_18.00.00.jpg,0.8196082711219788,X1.0,"(72.09391758558833, -13)",2013-11-19 10:14:00
2013/11/18/HMI.m2013.11.18_19.00.00.jpg,0.8247709274291992,X1.0,"(72.09391758558833, -13)",2013-11-19 10:14:00
2013/11/18/HMI.m2013.11.18_20.00.00.jpg,0.8495599627494812,X1.0,"(72.09391758558833, -13)",2013-11-19 10:14:00
2013/11/18/HMI.m2013.11.18_21.00.00.jpg,0.8250364661216736,X1.0,"(72.09391758558833, -13)",2013-11-19 10:14:00
2013/11/18/HMI.m2013.11.18_22.00.00.jpg,0.7885084748268127,X1.0,"(72.09391758558833, -13)",2013-11-19 10:14:00
2013/11/18/HMI.m2013.11.18_23.00.00.jpg,0.7908991575241089,X1.0,"(72.09391758558833, -13)",2013-11-19 10:14:00
2013/11/19/HMI.m2013.11.19_00.00.00.jpg,0.8024677634239197,X1.0,"(72.09391758558833, -13)",2013-11-19 10:14:00
2013/11/19/HMI.m2013.11.19_01.00.00.jpg,0.7835495471954346,X1.0,"(72.09391758558833, -13)",2013-11-19 10:14:00
2013/11/19/HMI.m2013.11.19_02.00.00.jpg,0.7720842957496643,X1.0,"(72.09391758558833, -13)",2013-11-19 10:14:00
2013/11/19/HMI.m2013.11.19_03.00.00.jpg,0.79292893409729,X1.0,"(72.09391758558833, -13)",2013-11-19 10:14:00
2013/11/19/HMI.m2013.11.19_04.00.00.jpg,0.8118737936019897,X1.0,"(72.09391758558833, -13)",2013-11-19 10:14:00
2013/11/19/HMI.m2013.11.19_05.00.00.jpg,0.8518633842468262,X1.0,"(72.09391758558833, -13)",2013-11-19 10:14:00
2013/11/19/HMI.m2013.11.19_06.00.00.jpg,0.8501482009887695,X1.0,"(72.09391758558833, -13)",2013-11-19 10:14:00
2013/11/19/HMI.m2013.11.19_07.00.00.jpg,0.838779866695404,X1.0,"(72.09391758558833, -13)",2013-11-19 10:14:00
2013/11/19/HMI.m2013.11.19_08.00.00.jpg,0.8255282044410706,X1.0,"(72.09391758558833, -13)",2013-11-19 10:14:00
2013/11/19/HMI.m2013.11.19_09.00.00.jpg,0.8467150330543518,X1.0,"(72.09391758558833, -13)",2013-11-19 10:14:00
2013/11/19/HMI.m2013.11.19_10.00.00.jpg,0.836408257484436,X1.0,"(72.09391758558833, -13)",2013-11-19 10:14:00
2014/10/18/HMI.m2014.10.18_05.00.00.jpg,0.9546051621437072,X1.1,"(-53.050388133493186, -13)",2014-10-19 04:17:00
2014/10/18/HMI.m2014.10.18_06.00.00.jpg,0.9492897987365724,X1.1,"(-53.050388133493186, -13)",2014-10-19 04:17:00
2014/10/18/HMI.m2014.10.18_07.00.00.jpg,0.9671716690063475,X1.1,"(-53.050388133493186, -13)",2014-10-19 04:17:00
2014/10/18/HMI.m2014.10.18_08.00.00.jpg,0.97159081697464,X1.1,"(-53.050388133493186, -13)",2014-10-19 04:17:00
2014/10/18/HMI.m2014.10.18_09.00.00.jpg,0.977306306362152,X1.1,"(-53.050388133493186, -13)",2014-10-19 04:17:00
2014/10/18/HMI.m2014.10.18_10.00.00.jpg,0.977375626564026,X1.1,"(-53.050388133493186, -13)",2014-10-19 04:17:00
2014/10/18/HMI.m2014.10.18_11.00.00.jpg,0.9642514586448668,X1.1,"(-53.050388133493186, -13)",2014-10-19 04:17:00
2014/10/18/HMI.m2014.10.18_12.00.00.jpg,0.967231273651123,X1.1,"(-53.050388133493186, -13)",2014-10-19 04:17:00
2014/10/18/HMI.m2014.10.18_13.00.00.jpg,0.9617077112197876,X1.1,"(-53.050388133493186, -13)",2014-10-19 04:17:00
2014/10/18/HMI.m2014.10.18_14.00.00.jpg,0.9551405906677246,X1.1,"(-53.050388133493186, -13)",2014-10-19 04:17:00
2014/10/18/HMI.m2014.10.18_15.00.00.jpg,0.9578796625137328,X1.1,"(-53.050388133493186, -13)",2014-10-19 04:17:00
2014/10/18/HMI.m2014.10.18_16.00.00.jpg,0.9669252038002014,X1.1,"(-53.050388133493186, -13)",2014-10-19 04:17:00
2014/10/18/HMI.m2014.10.18_17.00.00.jpg,0.9613516330718994,X1.1,"(-53.050388133493186, -13)",2014-10-19 04:17:00
2014/10/18/HMI.m2014.10.18_18.00.00.jpg,0.9663711786270142,X1.1,"(-53.050388133493186, -13)",2014-10-19 04:17:00
2014/10/18/HMI.m2014.10.18_19.00.00.jpg,0.960580587387085,X1.1,"(-53.050388133493186, -13)",2014-10-19 04:17:00
2014/10/18/HMI.m2014.10.18_20.00.00.jpg,0.933965802192688,X1.1,"(-53.050388133493186, -13)",2014-10-19 04:17:00
2014/10/18/HMI.m2014.10.18_21.00.00.jpg,0.9565121531486512,X1.1,"(-53.050388133493186, -13)",2014-10-19 04:17:00
2014/10/18/HMI.m2014.10.18_22.00.00.jpg,0.9651269912719728,X1.1,"(-53.050388133493186, -13)",2014-10-19 04:17:00
2014/10/18/HMI.m2014.10.18_23.00.00.jpg,0.9526436924934388,X1.1,"(-53.050388133493186, -13)",2014-10-19 04:17:00
2014/10/19/HMI.m2014.10.19_00.00.00.jpg,0.953772246837616,X1.1,"(-53.050388133493186, -13)",2014-10-19 04:17:00
2014/10/19/HMI.m2014.10.19_01.00.00.jpg,0.947631537914276,X1.1,"(-53.050388133493186, -13)",2014-10-19 04:17:00
2014/10/19/HMI.m2014.10.19_02.00.00.jpg,0.946624219417572,X1.1,"(-53.050388133493186, -13)",2014-10-19 04:17:00
2014/10/19/HMI.m2014.10.19_03.00.00.jpg,0.9392849206924438,X1.1,"(-53.050388133493186, -13)",2014-10-19 04:17:00
2014/10/19/HMI.m2014.10.19_04.00.00.jpg,0.9499470591545104,X1.1,"(-53.050388133493186, -13)",2014-10-19 04:17:00
2014/10/21/HMI.m2014.10.21_15.00.00.jpg,0.9455772042274476,X1.6,"(-13, -14)",2014-10-22 14:02:00
2014/10/21/HMI.m2014.10.21_16.00.00.jpg,0.941434919834137,X1.6,"(-13, -14)",2014-10-22 14:02:00
2014/10/21/HMI.m2014.10.21_17.00.00.jpg,0.9392188787460328,X1.6,"(-13, -14)",2014-10-22 14:02:00
2014/10/21/HMI.m2014.10.21_18.00.00.jpg,0.9427562952041626,X1.6,"(-13, -14)",2014-10-22 14:02:00
2014/10/21/HMI.m2014.10.21_19.00.00.jpg,0.9525937438011168,X1.6,"(-13, -14)",2014-10-22 14:02:00
2014/10/21/HMI.m2014.10.21_20.00.00.jpg,0.9358595609664916,X1.6,"(-13, -14)",2014-10-22 14:02:00
2014/10/21/HMI.m2014.10.21_21.00.00.jpg,0.9204315543174744,X1.6,"(-13, -14)",2014-10-22 14:02:00
2014/10/21/HMI.m2014.10.21_22.00.00.jpg,0.9224091172218324,X1.6,"(-13, -14)",2014-10-22 14:02:00
2014/10/21/HMI.m2014.10.21_23.00.00.jpg,0.89887934923172,X1.6,"(-13, -14)",2014-10-22 14:02:00
2014/10/22/HMI.m2014.10.22_00.00.00.jpg,0.9139634370803832,X1.6,"(-13, -14)",2014-10-22 14:02:00
2014/10/22/HMI.m2014.10.22_01.00.00.jpg,0.9297931790351868,X1.6,"(-13, -14)",2014-10-22 14:02:00
2014/10/22/HMI.m2014.10.22_02.00.00.jpg,0.9039795994758606,X1.6,"(-13, -14)",2014-10-22 14:02:00
2014/10/22/HMI.m2014.10.22_03.00.00.jpg,0.9230695962905884,X1.6,"(-13, -14)",2014-10-22 14:02:00
2014/10/22/HMI.m2014.10.22_04.00.00.jpg,0.9271200299263,X1.6,"(-13, -14)",2014-10-22 14:02:00
2014/10/22/HMI.m2014.10.22_05.00.00.jpg,0.9392184615135192,X1.6,"(-13, -14)",2014-10-22 14:02:00
2014/10/22/HMI.m2014.10.22_06.00.00.jpg,0.9105885028839112,X1.6,"(-13, -14)",2014-10-22 14:02:00
2014/10/22/HMI.m2014.10.22_07.00.00.jpg,0.9299153089523317,X1.6,"(-13, -14)",2014-10-22 14:02:00
2014/10/22/HMI.m2014.10.22_08.00.00.jpg,0.9268049597740172,X1.6,"(-13, -14)",2014-10-22 14:02:00
2014/10/22/HMI.m2014.10.22_09.00.00.jpg,0.944593608379364,X1.6,"(-13, -14)",2014-10-22 14:02:00
2014/10/22/HMI.m2014.10.22_10.00.00.jpg,0.9412636160850524,X1.6,"(-13, -14)",2014-10-22 14:02:00
2014/10/22/HMI.m2014.10.22_11.00.00.jpg,0.9396498799324036,X1.6,"(-13, -14)",2014-10-22 14:02:00
2014/10/22/HMI.m2014.10.22_12.00.00.jpg,0.9355009198188782,X1.6,"(-13, -14)",2014-10-22 14:02:00
2014/10/22/HMI.m2014.10.22_13.00.00.jpg,0.9345412850379944,X1.6,"(-13, -14)",2014-10-22 14:02:00
2014/10/22/HMI.m2014.10.22_14.00.00.jpg,0.9420395493507384,X1.6,"(-13, -14)",2014-10-22 14:02:00
2014/10/23/HMI.m2014.10.23_22.00.00.jpg,0.9595593810081482,X3.1,"(21, -16)",2014-10-24 21:07:00
2014/10/23/HMI.m2014.10.23_23.00.00.jpg,0.968000590801239,X3.1,"(21, -16)",2014-10-24 21:07:00
2014/10/24/HMI.m2014.10.24_00.00.00.jpg,0.9401155710220336,X3.1,"(21, -16)",2014-10-24 21:07:00
2014/10/24/HMI.m2014.10.24_01.00.00.jpg,0.9584017992019652,X3.1,"(21, -16)",2014-10-24 21:07:00
2014/10/24/HMI.m2014.10.24_02.00.00.jpg,0.9522088766098022,X3.1,"(21, -16)",2014-10-24 21:07:00
2014/10/24/HMI.m2014.10.24_03.00.00.jpg,0.9568113088607788,X3.1,"(21, -16)",2014-10-24 21:07:00
2014/10/24/HMI.m2014.10.24_04.00.00.jpg,0.951479971408844,X3.1,"(21, -16)",2014-10-24 21:07:00
2014/10/24/HMI.m2014.10.24_05.00.00.jpg,0.9489550590515136,X3.1,"(21, -16)",2014-10-24 21:07:00
2014/10/24/HMI.m2014.10.24_06.00.00.jpg,0.9489068388938904,X3.1,"(21, -16)",2014-10-24 21:07:00
2014/10/24/HMI.m2014.10.24_07.00.00.jpg,0.947462260723114,X3.1,"(21, -16)",2014-10-24 21:07:00
2014/10/24/HMI.m2014.10.24_08.00.00.jpg,0.9519200325012208,X3.1,"(21, -16)",2014-10-24 21:07:00
2014/10/24/HMI.m2014.10.24_09.00.00.jpg,0.9295663833618164,X3.1,"(21, -16)",2014-10-24 21:07:00
2014/10/24/HMI.m2014.10.24_10.00.00.jpg,0.91320538520813,X3.1,"(21, -16)",2014-10-24 21:07:00
2014/10/24/HMI.m2014.10.24_11.00.00.jpg,0.922187566757202,X3.1,"(21, -16)",2014-10-24 21:07:00
2014/10/24/HMI.m2014.10.24_12.00.00.jpg,0.9193282127380372,X3.1,"(21, -16)",2014-10-24 21:07:00
2014/10/24/HMI.m2014.10.24_13.00.00.jpg,0.9237066507339478,X3.1,"(21, -16)",2014-10-24 21:07:00
2014/10/24/HMI.m2014.10.24_14.00.00.jpg,0.9004024267196655,X3.1,"(21, -16)",2014-10-24 21:07:00
2014/10/24/HMI.m2014.10.24_15.00.00.jpg,0.8932185769081116,X3.1,"(21, -16)",2014-10-24 21:07:00
2014/10/24/HMI.m2014.10.24_16.00.00.jpg,0.8711678981781006,X3.1,"(21, -16)",2014-10-24 21:07:00
2014/10/24/HMI.m2014.10.24_17.00.00.jpg,0.9091941714286804,X3.1,"(21, -16)",2014-10-24 21:07:00
2014/10/24/HMI.m2014.10.24_18.00.00.jpg,0.89436936378479,X3.1,"(21, -16)",2014-10-24 21:07:00
2014/10/24/HMI.m2014.10.24_19.00.00.jpg,0.905766785144806,X3.1,"(21, -16)",2014-10-24 21:07:00
2014/10/24/HMI.m2014.10.24_20.00.00.jpg,0.8848935961723328,X3.1,"(21, -16)",2014-10-24 21:07:00
2014/10/24/HMI.m2014.10.24_21.00.00.jpg,0.9340635538101196,X3.1,"(21, -16)",2014-10-24 21:07:00
2014/10/24/HMI.m2014.10.24_22.00.00.jpg,0.9149717092514038,X1.0,"(31, -16)",2014-10-25 16:55:00
2014/10/24/HMI.m2014.10.24_23.00.00.jpg,0.8940368890762329,X1.0,"(31, -16)",2014-10-25 16:55:00
2014/10/25/HMI.m2014.10.25_00.00.00.jpg,0.8935761451721191,X1.0,"(31, -16)",2014-10-25 16:55:00
2014/10/25/HMI.m2014.10.25_01.00.00.jpg,0.9101999998092652,X1.0,"(31, -16)",2014-10-25 16:55:00
2014/10/25/HMI.m2014.10.25_02.00.00.jpg,0.925440788269043,X1.0,"(31, -16)",2014-10-25 16:55:00
2014/10/25/HMI.m2014.10.25_03.00.00.jpg,0.921357274055481,X1.0,"(31, -16)",2014-10-25 16:55:00
2014/10/25/HMI.m2014.10.25_04.00.00.jpg,0.9369871616363524,X1.0,"(31, -16)",2014-10-25 16:55:00
2014/10/25/HMI.m2014.10.25_05.00.00.jpg,0.9347512125968932,X1.0,"(31, -16)",2014-10-25 16:55:00
2014/10/25/HMI.m2014.10.25_06.00.00.jpg,0.9418147206306458,X1.0,"(31, -16)",2014-10-25 16:55:00
2014/10/25/HMI.m2014.10.25_07.00.00.jpg,0.936479926109314,X1.0,"(31, -16)",2014-10-25 16:55:00
2014/10/25/HMI.m2014.10.25_08.00.00.jpg,0.934875190258026,X1.0,"(31, -16)",2014-10-25 16:55:00
2014/10/25/HMI.m2014.10.25_09.00.00.jpg,0.922082543373108,X1.0,"(31, -16)",2014-10-25 16:55:00
2014/10/25/HMI.m2014.10.25_10.00.00.jpg,0.9349953532218932,X1.0,"(31, -16)",2014-10-25 16:55:00
2014/10/25/HMI.m2014.10.25_11.00.00.jpg,0.9450589418411256,X2.0,"(40, -18)",2014-10-26 10:04:00
2014/10/25/HMI.m2014.10.25_12.00.00.jpg,0.932491660118103,X2.0,"(40, -18)",2014-10-26 10:04:00
2014/10/25/HMI.m2014.10.25_13.00.00.jpg,0.9392633438110352,X2.0,"(40, -18)",2014-10-26 10:04:00
2014/10/25/HMI.m2014.10.25_14.00.00.jpg,0.9135622382164,X2.0,"(40, -18)",2014-10-26 10:04:00
2014/10/25/HMI.m2014.10.25_15.00.00.jpg,0.9465213418006896,X2.0,"(40, -18)",2014-10-26 10:04:00
2014/10/25/HMI.m2014.10.25_16.00.00.jpg,0.95012229681015,X2.0,"(40, -18)",2014-10-26 10:04:00
2014/10/25/HMI.m2014.10.25_17.00.00.jpg,0.9431902766227722,X2.0,"(40, -18)",2014-10-26 10:04:00
2014/10/25/HMI.m2014.10.25_18.00.00.jpg,0.937317967414856,X2.0,"(40, -18)",2014-10-26 10:04:00
2014/10/25/HMI.m2014.10.25_19.00.00.jpg,0.930123805999756,X2.0,"(40, -18)",2014-10-26 10:04:00
2014/10/25/HMI.m2014.10.25_20.00.00.jpg,0.9471874237060548,X2.0,"(40, -18)",2014-10-26 10:04:00
2014/10/25/HMI.m2014.10.25_21.00.00.jpg,0.9488012194633484,X2.0,"(40, -18)",2014-10-26 10:04:00
2014/10/25/HMI.m2014.10.25_22.00.00.jpg,0.9394689798355104,X2.0,"(40, -18)",2014-10-26 10:04:00
2014/10/25/HMI.m2014.10.25_23.00.00.jpg,0.9479902386665344,X2.0,"(40, -18)",2014-10-26 10:04:00
2014/10/26/HMI.m2014.10.26_00.00.00.jpg,0.94830322265625,X2.0,"(40, -18)",2014-10-26 10:04:00
2014/10/26/HMI.m2014.10.26_01.00.00.jpg,0.944423258304596,X2.0,"(40, -18)",2014-10-26 10:04:00
2014/10/26/HMI.m2014.10.26_02.00.00.jpg,0.9572498202323914,X2.0,"(40, -18)",2014-10-26 10:04:00
2014/10/26/HMI.m2014.10.26_03.00.00.jpg,0.9264894723892212,X2.0,"(40, -18)",2014-10-26 10:04:00
2014/10/26/HMI.m2014.10.26_04.00.00.jpg,0.9556474089622498,X2.0,"(40, -18)",2014-10-26 10:04:00
2014/10/26/HMI.m2014.10.26_05.00.00.jpg,0.954655647277832,X2.0,"(40, -18)",2014-10-26 10:04:00
2014/10/26/HMI.m2014.10.26_06.00.00.jpg,0.947129249572754,X2.0,"(40, -18)",2014-10-26 10:04:00
2014/10/26/HMI.m2014.10.26_07.00.00.jpg,0.9701061844825744,X2.0,"(40, -18)",2014-10-26 10:04:00
2014/10/26/HMI.m2014.10.26_08.00.00.jpg,0.9579600691795348,X2.0,"(40, -18)",2014-10-26 10:04:00
2014/10/26/HMI.m2014.10.26_09.00.00.jpg,0.947944164276123,X2.0,"(40, -18)",2014-10-26 10:04:00
2014/10/26/HMI.m2014.10.26_10.00.00.jpg,0.957353174686432,X2.0,"(40, -18)",2014-10-26 10:04:00
2014/10/26/HMI.m2014.10.26_15.00.00.jpg,0.9645593762397766,X2.0,"(52, -17)",2014-10-27 14:12:00
2014/10/26/HMI.m2014.10.26_16.00.00.jpg,0.9504730701446532,X2.0,"(52, -17)",2014-10-27 14:12:00
2014/10/26/HMI.m2014.10.26_17.00.00.jpg,0.9615879654884338,X2.0,"(52, -17)",2014-10-27 14:12:00
2014/10/26/HMI.m2014.10.26_18.00.00.jpg,0.9550644755363464,X2.0,"(52, -17)",2014-10-27 14:12:00
2014/10/26/HMI.m2014.10.26_19.00.00.jpg,0.955147624015808,X2.0,"(52, -17)",2014-10-27 14:12:00
2014/10/26/HMI.m2014.10.26_20.00.00.jpg,0.9521597027778624,X2.0,"(52, -17)",2014-10-27 14:12:00
2014/10/26/HMI.m2014.10.26_21.00.00.jpg,0.9360979795455932,X2.0,"(52, -17)",2014-10-27 14:12:00
2014/10/26/HMI.m2014.10.26_22.00.00.jpg,0.9579514265060424,X2.0,"(52, -17)",2014-10-27 14:12:00
2014/10/26/HMI.m2014.10.26_23.00.00.jpg,0.9718100428581238,X2.0,"(52, -17)",2014-10-27 14:12:00
2014/10/27/HMI.m2014.10.27_00.00.00.jpg,0.9569979906082152,X2.0,"(52, -17)",2014-10-27 14:12:00
2014/10/27/HMI.m2014.10.27_01.00.00.jpg,0.9699873924255372,X2.0,"(52, -17)",2014-10-27 14:12:00
2014/10/27/HMI.m2014.10.27_02.00.00.jpg,0.9651528596878052,X2.0,"(52, -17)",2014-10-27 14:12:00
2014/10/27/HMI.m2014.10.27_03.00.00.jpg,0.9357919096946716,X2.0,"(52, -17)",2014-10-27 14:12:00
2014/10/27/HMI.m2014.10.27_04.00.00.jpg,0.9599922299385072,X2.0,"(52, -17)",2014-10-27 14:12:00
2014/10/27/HMI.m2014.10.27_05.00.00.jpg,0.973998725414276,X2.0,"(52, -17)",2014-10-27 14:12:00
2014/10/27/HMI.m2014.10.27_06.00.00.jpg,0.9521949291229248,X2.0,"(52, -17)",2014-10-27 14:12:00
2014/10/27/HMI.m2014.10.27_07.00.00.jpg,0.9586756229400636,X2.0,"(52, -17)",2014-10-27 14:12:00
2014/10/27/HMI.m2014.10.27_08.00.00.jpg,0.963518500328064,X2.0,"(52, -17)",2014-10-27 14:12:00
2014/10/27/HMI.m2014.10.27_09.00.00.jpg,0.9418455958366394,X2.0,"(52, -17)",2014-10-27 14:12:00
2014/10/27/HMI.m2014.10.27_10.00.00.jpg,0.9505321979522704,X2.0,"(52, -17)",2014-10-27 14:12:00
2014/10/27/HMI.m2014.10.27_11.00.00.jpg,0.9631861448287964,X2.0,"(52, -17)",2014-10-27 14:12:00
2014/10/27/HMI.m2014.10.27_12.00.00.jpg,0.9737848043441772,X2.0,"(52, -17)",2014-10-27 14:12:00
2014/10/27/HMI.m2014.10.27_13.00.00.jpg,0.9687272906303406,X2.0,"(52, -17)",2014-10-27 14:12:00
2014/10/27/HMI.m2014.10.27_14.00.00.jpg,0.964718759059906,X2.0,"(52, -17)",2014-10-27 14:12:00
2014/11/07/HMI.m2014.11.07_07.00.00.jpg,0.8650012016296387,X1.6,"(-35.82660911000654, 15)",2014-11-07 16:53:00
2014/11/07/HMI.m2014.11.07_08.00.00.jpg,0.8750054240226746,X1.6,"(-35.82660911000654, 15)",2014-11-07 16:53:00
2014/11/07/HMI.m2014.11.07_09.00.00.jpg,0.8749338984489441,X1.6,"(-35.82660911000654, 15)",2014-11-07 16:53:00
2014/11/07/HMI.m2014.11.07_10.00.00.jpg,0.8374174237251282,X1.6,"(-35.82660911000654, 15)",2014-11-07 16:53:00
2014/11/07/HMI.m2014.11.07_11.00.00.jpg,0.8707016706466675,X1.6,"(-35.82660911000654, 15)",2014-11-07 16:53:00
2014/11/07/HMI.m2014.11.07_12.00.00.jpg,0.8632876873016357,X1.6,"(-35.82660911000654, 15)",2014-11-07 16:53:00
2014/11/07/HMI.m2014.11.07_13.00.00.jpg,0.8558073043823242,X1.6,"(-35.82660911000654, 15)",2014-11-07 16:53:00
2014/11/07/HMI.m2014.11.07_14.00.00.jpg,0.8174106478691101,X1.6,"(-35.82660911000654, 15)",2014-11-07 16:53:00
2014/11/07/HMI.m2014.11.07_15.00.00.jpg,0.7998803853988647,X1.6,"(-35.82660911000654, 15)",2014-11-07 16:53:00
2014/11/07/HMI.m2014.11.07_16.00.00.jpg,0.809643030166626,X1.6,"(-35.82660911000654, 15)",2014-11-07 16:53:00
2014/12/19/HMI.m2014.12.19_01.00.00.jpg,0.975257158279419,X1.8,"(24, -21)",2014-12-20 00:11:00
2014/12/19/HMI.m2014.12.19_02.00.00.jpg,0.9758398532867432,X1.8,"(24, -21)",2014-12-20 00:11:00
2014/12/19/HMI.m2014.12.19_03.00.00.jpg,0.9716923236846924,X1.8,"(24, -21)",2014-12-20 00:11:00
2014/12/19/HMI.m2014.12.19_04.00.00.jpg,0.9771016240119934,X1.8,"(24, -21)",2014-12-20 00:11:00
2014/12/19/HMI.m2014.12.19_05.00.00.jpg,0.9781699180603028,X1.8,"(24, -21)",2014-12-20 00:11:00
2014/12/19/HMI.m2014.12.19_06.00.00.jpg,0.9755951166152954,X1.8,"(24, -21)",2014-12-20 00:11:00
2014/12/19/HMI.m2014.12.19_07.00.00.jpg,0.9795159697532654,X1.8,"(24, -21)",2014-12-20 00:11:00
2014/12/19/HMI.m2014.12.19_08.00.00.jpg,0.9757198691368104,X1.8,"(24, -21)",2014-12-20 00:11:00
2014/12/19/HMI.m2014.12.19_09.00.00.jpg,0.9798905849456788,X1.8,"(24, -21)",2014-12-20 00:11:00
2014/12/19/HMI.m2014.12.19_10.00.00.jpg,0.966848075389862,X1.8,"(24, -21)",2014-12-20 00:11:00
2014/12/19/HMI.m2014.12.19_11.00.00.jpg,0.9754009246826172,X1.8,"(24, -21)",2014-12-20 00:11:00
2014/12/19/HMI.m2014.12.19_12.00.00.jpg,0.9657825827598572,X1.8,"(24, -21)",2014-12-20 00:11:00
2014/12/19/HMI.m2014.12.19_13.00.00.jpg,0.9740110635757446,X1.8,"(24, -21)",2014-12-20 00:11:00
2014/12/19/HMI.m2014.12.19_14.00.00.jpg,0.9591943025588988,X1.8,"(24, -21)",2014-12-20 00:11:00
2014/12/19/HMI.m2014.12.19_15.00.00.jpg,0.9609658122062684,X1.8,"(24, -21)",2014-12-20 00:11:00
2014/12/19/HMI.m2014.12.19_16.00.00.jpg,0.9612987041473388,X1.8,"(24, -21)",2014-12-20 00:11:00
2014/12/19/HMI.m2014.12.19_17.00.00.jpg,0.9762622714042664,X1.8,"(24, -21)",2014-12-20 00:11:00
2014/12/19/HMI.m2014.12.19_18.00.00.jpg,0.9660053849220276,X1.8,"(24, -21)",2014-12-20 00:11:00
2014/12/19/HMI.m2014.12.19_19.00.00.jpg,0.9613056778907776,X1.8,"(24, -21)",2014-12-20 00:11:00
2014/12/19/HMI.m2014.12.19_20.00.00.jpg,0.9554293155670166,X1.8,"(24, -21)",2014-12-20 00:11:00
2014/12/19/HMI.m2014.12.19_21.00.00.jpg,0.9614359140396118,X1.8,"(24, -21)",2014-12-20 00:11:00
2014/12/19/HMI.m2014.12.19_22.00.00.jpg,0.9422429203987122,X1.8,"(24, -21)",2014-12-20 00:11:00
2014/12/19/HMI.m2014.12.19_23.00.00.jpg,0.947655439376831,X1.8,"(24, -21)",2014-12-20 00:11:00
2014/12/20/HMI.m2014.12.20_00.00.00.jpg,0.939293622970581,X1.8,"(24, -21)",2014-12-20 00:11:00
